"","Baso","Ccr7_DC","Eos","Erythroid","Lymphoid","Mast","Meg","Monocyte","Neutrophil","pDC","Undifferentiated"
"2",0,0,0,0,0,0,0,0,20,0,0
"3",0,0,0,0,0,0,0,0,14,0,6
"5",9,0,0,0,0,0,0,0,0,0,0
"8",0,0,0,0,0,0,0,2,0,0,0
"9",2,0,0,0,0,0,0,0,2,0,2
"12",0,0,0,0,0,0,0,0,2,0,0
"14",0,0,0,0,0,0,0,4,0,0,3
"15",0,0,0,0,0,0,0,0,0,0,2
"20",0,0,0,0,0,0,0,0,2,0,0
"21",0,0,0,0,0,0,0,0,2,0,1
"27",0,0,0,0,0,0,0,0,0,0,2
"32",1,0,0,0,0,0,0,0,0,0,1
"37",17,0,0,0,0,0,0,0,0,0,0
"42",0,0,0,0,0,0,0,0,0,4,0
"48",10,0,0,0,0,0,0,0,0,0,1
"49",0,0,0,0,0,0,0,0,3,0,0
"53",0,0,0,0,0,0,0,0,12,0,9
"57",0,0,0,0,0,0,0,2,13,0,3
"59",3,0,0,0,0,0,0,0,0,0,0
"67",0,0,0,0,0,0,2,0,0,0,3
"68",0,0,0,0,0,0,0,48,4,0,36
"70",65,0,0,0,0,1,0,2,1,0,2
"72",0,0,0,0,0,0,0,2,0,0,1
"74",2,0,1,0,0,0,0,0,0,0,0
"77",0,0,0,0,0,0,0,0,0,0,3
"81",0,0,0,0,0,0,0,3,0,0,8
"83",0,0,0,0,0,0,0,0,9,0,1
"85",42,0,0,0,0,0,0,0,0,0,3
"88",0,0,0,0,0,0,0,0,2,0,0
"90",0,0,0,0,0,2,0,0,0,0,0
"96",0,0,0,0,0,0,0,2,0,0,0
"100",0,0,0,0,0,1,0,2,0,0,22
"102",0,0,0,0,0,0,0,0,9,0,1
"103",0,0,0,2,0,0,0,0,0,0,3
"104",0,0,0,0,0,0,0,0,0,0,2
"105",0,0,0,0,0,0,0,0,2,0,2
"106",3,0,0,0,0,0,0,0,0,0,1
"109",0,0,0,0,0,0,0,4,0,0,0
"110",0,0,0,0,0,0,0,2,0,0,0
"113",3,0,0,0,0,0,0,0,0,0,0
"117",0,0,0,0,0,0,0,0,1,0,2
"118",0,0,0,0,0,0,2,0,0,0,0
"121",0,0,0,0,0,0,0,0,0,0,21
"122",0,0,0,0,0,0,0,2,0,0,3
"124",0,0,0,0,0,0,0,0,0,0,1
"125",0,0,0,0,0,0,0,0,3,0,4
"126",0,0,0,0,0,0,0,0,17,0,6
"127",0,0,0,0,0,0,0,2,0,0,1
"133",0,0,0,0,0,0,0,6,0,0,4
"134",1,0,0,0,0,0,0,0,0,0,1
"145",0,0,0,0,0,0,0,0,0,0,2
"148",0,0,0,0,0,0,0,0,11,0,0
"149",0,0,0,0,0,0,0,0,4,0,0
"153",0,0,0,0,0,0,0,2,3,0,2
"154",0,0,0,0,0,5,1,0,0,0,0
"161",0,0,0,0,0,0,1,0,0,0,1
"164",0,0,0,0,0,0,0,12,15,0,17
"165",0,0,0,0,0,0,0,0,2,0,0
"166",0,0,0,0,0,0,0,2,0,0,0
"169",0,0,0,0,0,0,0,16,0,0,4
"170",0,0,0,0,0,0,0,0,0,0,2
"174",0,0,0,0,0,0,0,0,0,0,2
"176",0,0,0,0,0,0,2,0,0,0,0
"177",0,0,0,0,0,0,0,0,0,0,6
"186",0,0,0,0,0,0,0,0,1,0,2
"187",0,0,0,0,0,0,0,3,0,0,0
"191",0,0,0,0,0,0,0,0,6,0,2
"193",0,0,0,0,0,0,0,0,0,0,4
"194",0,0,0,0,0,0,0,0,2,0,0
"210",0,0,0,0,0,0,0,3,0,0,0
"211",0,0,0,0,0,0,0,34,0,0,3
"214",0,0,0,0,0,0,9,0,0,0,1
"218",4,0,0,0,0,0,0,0,0,0,0
"221",0,0,0,0,0,0,0,0,0,0,6
"222",0,0,0,0,0,0,0,5,1,0,1
"223",0,0,0,0,0,0,0,2,0,0,0
"227",0,0,0,0,0,0,0,0,0,0,2
"229",0,0,0,2,0,0,0,0,0,0,4
"230",2,0,0,0,0,0,0,0,0,0,0
"231",0,0,0,0,0,0,0,0,3,0,0
"234",0,0,0,0,0,0,3,0,0,0,2
"239",0,0,0,2,0,0,0,0,0,0,10
"241",0,0,1,0,0,0,0,0,1,0,1
"246",0,0,0,0,0,0,1,0,0,0,7
"248",0,0,0,0,0,0,3,0,0,0,0
"253",0,0,0,0,0,0,0,3,0,0,2
"254",0,0,0,0,0,0,0,0,2,0,0
"255",0,0,0,0,0,0,0,0,6,0,0
"257",0,0,0,0,0,0,0,0,1,0,1
"258",0,0,0,0,0,0,0,0,2,0,0
"261",0,0,0,0,0,0,0,2,0,0,1
"265",0,0,0,0,0,0,0,1,0,0,1
"271",2,0,0,0,0,0,0,0,0,0,0
"272",7,0,1,0,0,7,0,0,0,0,6
"274",0,0,0,0,0,0,0,3,0,0,3
"275",0,0,0,0,0,0,0,0,0,0,3
"281",0,0,0,0,0,0,0,2,0,0,0
"282",8,0,0,0,0,0,0,0,0,0,0
"283",0,0,0,0,0,0,0,2,0,0,1
"284",6,0,0,0,0,0,0,0,1,0,9
"285",4,0,5,0,0,0,0,0,0,0,3
"286",0,0,0,0,0,0,0,0,30,0,0
"289",8,0,0,0,0,0,0,0,0,0,0
"293",0,1,0,0,0,1,0,90,15,0,27
"299",1,0,0,0,0,0,0,0,1,0,1
"300",0,0,0,0,0,0,0,3,0,0,2
"301",1,0,0,0,0,0,0,0,11,0,0
"302",0,0,0,0,0,0,0,5,31,0,2
"309",0,0,0,0,0,0,0,9,0,0,13
"312",0,0,0,0,0,0,0,0,6,0,2
"317",0,0,0,0,0,0,0,0,2,0,0
"319",0,0,0,0,0,0,0,0,0,0,2
"322",0,0,0,0,0,1,0,0,0,0,2
"324",0,2,0,0,0,0,0,0,0,0,1
"326",1,0,0,0,0,39,0,0,0,0,1
"327",0,0,0,0,0,0,0,3,0,0,1
"329",0,0,0,0,0,0,0,1,0,0,1
"332",0,0,0,0,0,0,0,0,0,0,1
"333",4,0,0,0,0,0,0,0,0,0,0
"334",0,0,0,0,0,0,0,6,1,0,10
"336",0,0,0,0,0,0,0,1,1,0,0
"337",0,0,0,0,0,0,0,25,0,0,3
"339",0,0,0,0,0,0,0,0,10,0,2
"341",42,0,1,0,0,1,0,0,0,0,2
"344",0,0,0,0,0,0,0,14,0,0,3
"347",11,0,10,0,0,0,0,0,10,0,15
"350",0,0,1,0,0,0,0,0,0,0,1
"351",0,0,0,0,0,0,0,0,2,0,0
"352",0,0,0,0,0,0,2,0,0,0,1
"353",0,0,0,0,0,0,5,0,0,0,13
"354",3,0,0,0,0,0,0,0,0,0,0
"355",0,0,0,0,0,0,0,8,1,0,2
"357",0,0,0,0,0,0,0,0,6,0,0
"359",0,0,0,0,0,0,0,0,0,0,28
"364",4,0,0,0,0,0,0,0,0,0,4
"369",0,0,0,0,0,0,0,0,6,0,0
"372",0,0,0,0,0,0,0,0,3,0,0
"375",0,0,0,0,0,0,0,0,19,0,6
"378",0,0,0,0,0,0,0,0,0,0,2
"391",0,0,0,0,0,0,0,1,0,0,1
"392",0,0,0,0,0,0,0,0,0,0,10
"393",0,0,0,0,0,0,0,0,12,0,1
"395",0,0,0,0,0,0,0,33,1,0,14
"399",0,0,0,0,0,0,11,0,1,0,16
"403",0,0,0,0,0,0,0,0,0,0,4
"404",0,0,0,0,0,0,0,3,0,0,2
"406",0,0,0,0,0,0,0,26,2,0,17
"408",0,0,0,0,0,0,0,0,20,0,10
"409",0,0,0,0,0,0,1,0,0,0,2
"411",0,0,0,0,0,0,0,0,0,0,2
"413",0,0,0,1,0,6,0,0,0,0,2
"416",0,0,0,0,0,0,0,6,29,0,15
"418",0,0,0,0,0,0,0,10,28,0,18
"421",1,0,0,0,0,0,0,0,0,0,1
"426",2,0,0,0,0,0,0,0,0,0,0
"427",1,0,0,0,0,0,0,0,0,0,1
"428",14,0,0,0,0,0,0,0,0,0,2
"432",0,0,0,0,0,0,0,0,6,0,1
"435",0,0,0,0,0,0,0,4,0,0,1
"438",0,0,0,0,0,0,0,0,3,0,3
"451",0,0,0,0,0,0,0,2,0,0,0
"454",0,0,0,0,0,0,0,0,0,3,12
"455",0,0,0,0,0,0,0,3,0,0,0
"457",0,0,0,0,0,0,0,2,0,0,1
"460",0,0,0,0,0,0,2,0,0,0,0
"462",0,0,0,0,0,0,0,0,2,0,0
"465",0,0,0,0,0,2,0,0,0,0,4
"466",0,0,0,0,0,0,0,0,0,0,3
"468",0,0,0,0,0,0,0,0,3,0,0
"469",2,0,0,0,0,0,0,0,0,0,1
"473",0,0,0,0,0,0,0,0,0,0,2
"474",0,0,0,0,0,0,0,0,2,0,0
"476",0,0,0,0,0,0,0,0,7,0,4
"477",0,0,0,0,0,0,0,2,0,0,0
"482",0,0,0,0,0,0,0,0,0,0,2
"483",0,0,0,0,0,0,0,1,1,0,4
"484",0,0,0,0,0,0,0,0,4,0,0
"485",0,0,0,0,0,0,0,0,0,0,2
"490",0,0,0,0,0,0,0,2,0,0,1
"492",0,0,0,0,0,0,2,0,0,0,0
"493",0,0,0,0,0,0,0,0,4,0,0
"496",0,0,0,0,0,0,0,1,0,0,1
"498",0,0,0,0,0,0,0,0,3,0,1
"500",0,0,0,0,0,0,0,0,0,0,2
"503",0,0,0,0,0,0,1,0,0,0,1
"504",0,0,0,0,0,0,0,0,2,0,2
"506",0,0,0,1,0,1,1,1,0,0,2
"508",0,0,0,0,0,0,0,0,0,0,2
"510",0,0,0,0,0,0,5,0,0,0,8
"511",0,0,0,0,0,0,0,0,43,0,1
"512",3,0,0,0,0,0,0,0,0,0,0
"513",0,0,0,0,0,0,0,0,5,0,0
"517",15,0,0,0,0,0,0,0,0,0,0
"519",0,0,0,0,0,0,0,0,2,0,1
"523",0,0,0,0,0,0,0,0,14,0,3
"524",0,0,0,1,0,0,1,0,0,0,0
"525",0,0,0,0,0,0,0,0,2,0,2
"527",1,0,0,0,0,0,0,0,0,0,1
"530",0,0,0,0,0,0,0,28,0,0,28
"536",0,0,0,0,0,0,0,0,1,0,2
"538",0,0,0,1,0,0,0,0,0,0,4
"544",0,0,0,0,0,0,0,0,3,0,0
"545",0,0,0,1,0,0,7,0,0,0,8
"548",6,0,0,0,0,0,0,0,0,0,0
"549",0,0,0,0,0,0,0,1,2,0,2
"556",3,0,0,0,0,0,0,0,0,0,0
"562",0,0,0,2,0,0,0,0,0,0,0
"563",0,0,0,0,0,0,0,1,0,0,2
"564",0,0,0,0,0,0,0,0,2,0,0
"567",0,0,0,0,0,0,0,0,2,0,0
"569",0,0,0,0,0,0,0,0,0,0,3
"571",12,0,0,0,0,0,0,0,0,0,3
"572",0,0,0,0,0,0,0,1,0,0,2
"573",0,0,0,0,0,0,0,0,0,0,2
"574",0,0,0,0,0,0,0,0,0,0,15
"577",0,0,0,0,0,2,0,0,0,0,0
"578",0,0,0,0,0,0,0,0,0,0,3
"581",0,0,0,0,0,0,0,0,1,0,1
"583",1,0,0,0,0,0,0,0,0,0,0
"589",0,0,0,0,0,0,0,0,3,0,0
"591",0,0,0,0,0,0,0,3,2,0,5
"592",0,0,0,0,0,0,0,20,3,0,14
"593",0,0,0,0,0,0,1,0,0,0,1
"594",0,0,0,0,0,0,0,4,2,0,3
"595",0,0,0,0,0,0,0,0,0,0,2
"597",0,0,0,0,0,0,0,0,0,0,2
"599",0,0,0,0,0,0,0,0,2,0,2
"603",0,0,0,0,0,0,0,0,0,0,2
"610",17,0,0,0,0,0,0,0,0,0,2
"615",0,0,0,0,0,0,0,0,6,0,1
"616",0,0,0,0,0,0,0,0,1,0,1
"617",0,0,0,0,0,0,0,0,0,0,2
"618",2,0,0,0,0,0,0,0,0,0,1
"620",0,0,0,0,0,4,0,0,0,0,0
"625",0,0,1,0,0,1,0,0,0,0,0
"626",0,0,0,0,0,0,0,0,5,0,1
"627",20,0,0,0,0,0,0,0,0,0,0
"630",0,0,0,0,0,0,0,1,0,0,1
"633",2,0,0,0,0,0,0,0,0,0,0
"634",0,0,0,0,0,0,0,3,11,0,37
"638",0,0,0,0,0,0,0,0,0,0,3
"641",2,0,0,0,0,0,0,0,0,0,0
"643",0,0,0,0,0,0,0,0,0,0,2
"645",0,0,0,0,0,2,0,0,0,0,3
"648",0,0,0,0,0,0,0,5,0,0,1
"651",0,0,0,0,0,2,6,0,0,0,11
"652",0,0,0,0,0,0,5,0,0,0,0
"656",0,0,0,0,0,0,0,0,3,0,1
"658",0,0,0,0,0,0,0,1,1,0,0
"660",6,0,0,0,0,0,0,0,0,0,4
"665",0,0,0,0,0,2,0,0,0,0,0
"668",0,0,0,0,0,0,0,0,2,0,0
"669",0,0,0,0,0,0,0,4,0,0,5
"673",0,0,0,0,0,0,0,1,0,0,2
"674",0,0,0,0,0,0,0,11,24,0,27
"676",0,0,0,0,0,0,0,0,41,0,0
"678",1,0,0,0,0,0,0,0,0,0,1
"681",0,0,0,0,0,0,0,0,10,0,7
"684",0,0,0,0,0,0,0,5,5,0,4
"686",0,0,0,0,0,0,0,18,3,0,19
"692",0,0,0,0,0,0,0,0,2,0,0
"694",0,0,0,0,0,0,0,0,6,0,3
"697",0,0,0,0,0,0,0,0,0,2,0
"698",5,0,0,0,0,0,0,0,0,0,1
"699",0,0,0,0,0,0,3,0,0,0,1
"704",0,0,0,0,0,0,0,0,4,0,0
"705",0,0,0,0,0,0,0,7,12,0,17
"709",4,0,0,0,0,0,0,0,0,0,0
"710",0,0,0,0,0,0,0,2,0,0,2
"711",1,0,0,0,0,0,0,0,0,0,1
"717",0,0,0,0,0,0,0,0,40,0,3
"718",0,0,0,0,0,0,0,0,0,0,2
"721",0,0,0,0,0,0,0,7,0,0,1
"725",0,0,0,0,0,0,0,0,6,0,2
"726",0,0,0,0,0,0,0,0,3,0,2
"732",2,0,0,0,0,0,0,0,0,0,0
"733",0,0,0,0,0,0,0,3,1,0,2
"735",0,0,0,0,0,0,0,0,4,0,1
"737",2,0,0,0,0,0,0,0,0,0,0
"738",0,0,0,0,0,0,0,3,8,0,4
"739",0,0,0,0,0,0,0,0,4,0,2
"740",0,0,0,0,0,1,0,8,14,0,9
"752",0,0,0,0,0,0,1,0,0,0,2
"755",4,0,0,0,0,0,1,0,0,0,1
"756",5,0,0,0,0,50,0,0,0,0,13
"760",0,0,0,0,0,0,3,0,0,0,6
"761",3,0,0,0,0,0,0,0,0,0,0
"762",0,0,0,0,0,0,0,0,0,0,2
"767",0,0,0,0,0,0,0,22,47,0,12
"768",0,0,0,0,0,0,0,0,2,0,5
"770",0,0,0,0,0,0,2,0,0,0,1
"771",0,0,0,0,0,0,0,0,2,0,3
"773",6,0,0,0,0,0,0,0,0,0,0
"778",0,0,0,11,0,5,0,0,0,0,7
"779",0,0,0,0,0,0,0,0,0,0,2
"782",0,0,0,0,0,0,0,5,0,0,2
"784",0,0,0,0,0,0,1,0,0,0,2
"785",0,0,1,0,0,0,0,39,26,0,9
"790",0,0,0,0,0,0,0,0,7,0,0
"793",0,0,0,0,0,0,0,0,1,0,1
"794",0,0,0,0,0,0,0,0,2,0,0
"795",0,0,0,0,0,0,0,1,8,0,5
"797",0,0,0,0,0,0,1,0,0,0,1
"800",0,0,0,0,0,0,0,1,0,0,3
"802",0,0,0,0,0,0,0,41,9,0,39
"806",0,0,0,0,0,0,0,0,0,0,2
"809",4,0,0,0,0,0,0,0,0,0,0
"812",0,0,0,0,0,0,1,0,0,0,1
"815",1,0,0,0,0,0,0,0,0,0,1
"816",0,0,0,0,0,0,0,0,3,0,0
"817",0,0,0,0,0,0,0,0,2,0,0
"818",0,0,0,0,0,0,0,2,0,0,1
"819",0,0,0,0,0,0,2,0,0,0,0
"824",0,0,0,0,0,0,0,0,2,0,1
"826",5,0,0,0,0,0,0,0,0,0,3
"827",0,0,0,0,0,0,0,6,0,0,5
"828",0,0,0,0,0,0,0,0,0,0,5
"830",0,0,0,0,0,0,0,2,0,0,0
"835",0,0,1,0,0,0,0,0,0,0,1
"840",9,0,0,0,0,0,0,0,0,0,1
"841",0,0,0,0,0,0,0,3,0,0,0
"843",0,0,0,0,0,0,0,3,0,0,1
"845",0,0,0,0,0,1,0,0,0,0,7
"847",0,0,0,0,0,0,0,0,5,0,0
"851",0,0,0,0,0,0,0,16,0,0,1
"853",0,0,0,0,0,0,0,0,2,0,0
"854",0,0,0,0,0,0,3,0,0,0,1
"856",0,0,0,0,0,0,1,0,1,0,0
"862",1,0,0,0,0,0,0,0,0,0,2
"866",0,0,0,0,0,0,0,0,5,0,1
"869",0,0,0,1,0,0,0,0,0,0,1
"872",1,0,0,0,0,0,3,0,0,0,0
"873",4,0,0,0,0,0,0,0,0,0,0
"874",0,0,0,0,0,0,0,0,0,0,3
"875",0,0,0,1,0,0,7,0,0,0,2
"878",0,0,0,0,0,0,0,0,0,0,3
"880",0,0,0,0,0,0,0,0,2,0,0
"883",0,0,0,1,0,1,11,0,0,0,7
"885",0,0,0,0,0,0,0,6,0,0,0
"886",0,0,0,0,0,0,0,5,0,0,0
"887",6,0,0,0,0,0,0,0,0,0,1
"888",0,0,0,0,0,0,0,0,0,0,2
"892",0,0,0,0,0,0,0,4,0,0,1
"895",0,0,0,0,0,0,0,0,2,0,0
"896",0,0,0,0,0,4,0,0,0,0,2
"902",0,0,0,0,0,0,0,0,3,0,0
"904",0,0,0,0,0,0,4,0,0,0,1
"910",0,0,0,0,0,0,2,1,0,0,7
"911",0,0,0,0,0,0,0,7,6,0,13
"913",0,0,0,2,0,0,0,0,0,0,2
"915",0,0,0,0,0,0,0,3,0,0,0
"918",0,0,0,0,0,2,0,20,16,0,0
"920",0,0,0,0,0,0,0,0,3,0,0
"933",0,0,0,0,0,0,1,13,10,0,5
"938",0,0,0,0,0,0,0,0,0,0,2
"945",0,0,0,0,0,0,0,3,0,0,1
"946",2,0,0,0,0,0,0,0,0,0,1
"950",0,0,0,0,0,0,0,0,6,0,0
"953",0,1,0,0,0,0,0,1,0,0,1
"955",0,0,0,0,0,0,0,0,0,0,2
"956",2,0,0,0,0,0,0,0,0,0,1
"959",0,0,0,0,0,0,13,0,0,0,2
"960",0,0,0,0,0,0,0,0,8,0,3
"961",0,0,0,0,0,0,0,1,1,0,7
"963",0,0,0,0,0,0,0,0,15,0,4
"964",3,0,0,0,0,0,0,0,0,0,6
"965",0,0,0,2,0,0,0,0,0,0,0
"966",0,0,0,0,0,0,0,0,20,0,0
"969",0,0,1,0,0,0,2,0,0,0,0
"971",0,0,0,0,0,0,2,0,0,0,0
"973",1,0,0,0,0,0,0,0,0,0,1
"976",0,0,0,0,0,0,0,0,2,0,0
"980",0,0,0,0,0,0,0,2,8,0,10
"983",47,0,0,0,0,0,1,0,1,0,1
"984",0,0,0,0,0,0,0,0,0,0,2
"988",6,0,0,0,0,0,0,0,0,0,0
"990",0,0,0,2,0,0,0,0,0,0,1
"991",0,0,0,0,0,0,0,0,0,0,2
"997",0,0,0,0,0,0,0,7,14,0,13
"999",0,0,0,5,0,0,2,0,0,0,27
"1001",0,0,0,0,0,0,0,0,1,0,3
"1002",0,0,0,0,0,0,0,1,0,0,2
"1003",0,0,0,0,0,0,0,0,3,0,1
"1005",0,0,0,0,0,0,0,0,17,0,3
"1006",0,0,0,0,0,0,0,2,0,0,2
"1007",0,0,0,0,0,0,0,0,0,0,3
"1008",0,0,0,0,0,0,0,0,1,0,1
"1011",0,0,0,0,0,0,0,0,2,0,0
"1023",0,0,0,0,0,0,0,1,0,0,1
"1025",0,0,0,0,0,0,0,0,3,0,0
"1033",0,0,0,0,0,0,0,0,0,0,2
"1034",2,0,0,0,0,0,0,0,0,0,1
"1042",0,0,0,0,0,0,0,1,11,0,21
"1043",0,0,0,0,0,0,0,0,0,0,2
"1048",0,0,0,0,0,0,2,0,0,0,1
"1049",0,0,0,0,0,0,0,2,0,0,0
"1052",0,0,0,0,0,0,0,5,3,0,0
"1053",0,0,0,1,0,0,0,0,0,0,0
"1060",3,0,0,0,0,0,0,0,0,0,0
"1063",0,0,0,0,0,6,1,0,0,0,0
"1066",0,0,0,0,0,0,0,12,1,0,7
"1071",0,0,1,13,0,13,0,0,0,0,15
"1073",0,0,0,0,0,0,0,0,0,0,3
"1075",0,0,0,0,0,0,0,0,3,0,7
"1077",0,0,0,0,1,0,0,6,0,0,11
"1079",0,0,0,0,0,0,0,0,0,0,3
"1081",0,0,0,0,0,0,6,0,0,0,5
"1083",0,0,0,0,0,0,0,2,0,0,2
"1088",4,0,0,1,0,0,0,0,0,0,1
"1090",0,0,0,0,0,0,0,0,0,0,2
"1094",0,0,0,0,0,0,0,3,2,0,2
"1096",0,0,0,0,0,0,0,1,24,0,0
"1100",0,0,0,0,0,0,0,0,53,0,3
"1103",0,0,0,0,0,4,0,0,0,0,0
"1105",0,0,0,0,0,0,0,1,0,0,1
"1106",12,0,0,0,0,0,0,0,0,0,6
"1107",0,0,0,0,0,0,0,3,2,0,1
"1109",1,0,0,0,0,0,0,0,0,0,1
"1110",0,0,0,0,0,0,0,1,0,0,3
"1111",0,0,0,0,0,0,0,0,2,0,40
"1114",0,0,0,0,0,0,0,0,5,0,1
"1115",0,0,0,0,0,0,0,3,32,0,9
"1121",18,0,0,0,0,0,0,0,0,0,0
"1122",0,0,0,0,0,0,0,0,0,0,3
"1125",0,0,0,0,0,0,0,2,0,0,0
"1127",0,0,0,0,0,0,0,0,0,0,2
"1141",51,0,0,0,0,0,0,0,1,0,0
"1142",3,0,0,0,0,0,0,0,1,0,3
"1143",4,0,0,0,0,0,0,0,0,0,0
"1145",0,0,0,0,0,0,0,8,3,0,4
"1146",0,0,0,0,0,0,0,0,2,0,0
"1147",0,0,0,0,0,0,0,0,0,0,5
"1152",0,0,0,0,0,0,0,0,0,0,2
"1157",0,0,0,0,0,0,0,0,0,0,2
"1158",0,0,0,5,0,0,0,0,0,0,2
"1159",9,0,1,0,0,0,0,0,0,0,1
"1160",0,0,0,0,0,0,0,1,2,0,2
"1161",0,0,0,0,0,0,0,3,0,0,0
"1162",0,0,0,0,0,0,0,1,0,0,1
"1165",1,0,0,0,0,0,0,0,0,0,1
"1172",0,0,0,0,0,0,0,0,3,0,1
"1175",0,0,0,0,0,0,0,0,0,0,2
"1176",0,0,0,0,0,0,0,0,0,0,3
"1178",0,0,0,0,0,0,0,0,0,0,2
"1181",48,0,0,0,0,0,0,0,0,0,0
"1185",48,0,0,2,0,0,1,0,0,0,19
"1187",0,0,0,0,0,0,0,0,1,0,1
"1188",0,0,0,0,0,3,0,0,0,0,0
"1189",12,0,0,0,0,0,0,0,0,0,0
"1190",0,0,0,0,0,0,0,0,0,0,3
"1194",0,0,0,0,0,0,1,0,0,0,3
"1195",0,0,0,0,0,0,0,0,0,0,2
"1198",0,0,0,0,0,0,0,0,3,0,3
"1204",0,0,0,0,0,0,0,0,3,0,0
"1207",0,0,0,0,0,0,0,1,1,0,3
"1209",0,0,0,0,0,0,3,0,0,0,1
"1212",0,0,0,0,0,0,0,0,0,0,2
"1213",0,0,0,0,0,1,0,0,26,0,2
"1216",0,0,0,0,0,0,0,0,1,0,1
"1220",0,0,0,0,0,0,0,16,14,0,11
"1222",2,0,0,0,0,0,0,0,0,0,3
"1226",0,0,1,0,0,0,0,0,0,0,1
"1227",0,0,0,0,0,0,0,0,0,0,2
"1229",0,0,0,0,0,0,0,0,1,0,1
"1231",2,0,0,0,0,4,0,0,0,0,3
"1234",0,0,0,0,0,0,0,0,3,0,0
"1240",0,0,0,1,0,0,0,0,0,0,1
"1246",0,1,0,0,0,0,0,0,0,0,2
"1249",0,0,0,0,0,0,1,0,0,0,5
"1256",0,1,0,0,0,0,0,0,0,0,0
"1259",7,0,0,0,0,17,0,0,0,0,1
"1260",3,0,0,1,0,0,0,0,0,0,0
"1262",1,0,0,0,0,0,0,30,113,0,33
"1264",0,0,0,0,0,0,0,1,0,0,1
"1266",0,0,0,0,0,0,0,0,3,0,0
"1267",0,0,0,0,0,0,0,0,27,0,0
"1268",0,0,0,0,0,0,0,2,0,0,0
"1269",0,0,0,0,0,0,1,0,0,0,3
"1270",0,0,0,0,0,0,0,0,2,0,0
"1275",0,0,0,2,0,0,2,0,0,0,6
"1276",0,0,0,0,0,16,0,0,0,0,0
"1292",2,0,0,0,0,0,0,0,0,0,0
"1296",0,0,0,0,0,0,0,0,1,0,1
"1305",0,0,0,0,0,5,0,0,0,0,1
"1308",0,0,0,0,0,0,0,0,0,0,2
"1311",1,0,0,0,0,1,0,0,0,0,0
"1313",0,0,0,0,0,0,0,0,9,0,1
"1314",0,0,0,0,0,0,2,0,0,0,0
"1317",0,0,0,0,0,0,0,1,0,0,1
"1318",0,0,0,0,1,0,0,4,0,0,13
"1323",0,0,0,0,0,0,0,2,0,0,1
"1325",0,0,0,0,0,0,0,2,0,0,0
"1326",49,0,0,0,0,36,1,0,0,0,9
"1328",0,0,0,0,0,0,0,0,1,0,5
"1329",0,0,0,0,0,0,0,0,0,0,4
"1330",0,0,0,0,0,0,0,0,5,0,0
"1333",0,0,0,0,0,0,0,0,6,0,1
"1337",0,0,0,0,0,0,0,0,5,0,0
"1340",3,0,0,0,0,0,0,0,9,0,1
"1341",19,0,0,0,0,1,0,0,0,0,0
"1344",10,0,1,0,0,0,0,0,0,0,2
"1347",0,0,0,0,0,0,0,0,0,0,4
"1350",3,0,0,0,0,2,0,0,0,0,1
"1352",0,0,0,0,0,0,0,0,5,0,2
"1353",0,0,0,0,0,0,1,0,0,0,1
"1354",17,0,1,0,0,0,0,0,0,0,0
"1364",0,0,0,0,0,0,0,7,2,0,9
"1365",0,0,0,0,0,0,0,0,3,0,4
"1371",31,0,0,0,0,0,0,0,0,0,0
"1372",0,0,0,0,0,0,0,0,0,0,7
"1373",2,0,0,0,0,0,0,0,0,0,0
"1374",0,0,0,0,0,0,0,2,0,0,0
"1376",2,0,0,0,0,0,0,0,0,0,0
"1378",0,0,0,0,0,0,0,0,3,0,0
"1379",0,0,0,0,0,0,0,8,0,0,0
"1383",0,0,0,0,0,0,0,0,2,0,0
"1387",3,0,0,0,0,0,0,0,0,0,0
"1388",2,0,0,0,0,0,0,0,0,0,0
"1394",4,0,0,0,0,0,0,0,0,0,0
"1399",0,0,0,0,0,0,0,0,0,0,2
"1401",0,0,0,0,0,0,0,0,3,0,0
"1402",0,0,0,0,0,0,0,2,0,0,0
"1403",0,0,0,0,0,0,2,0,0,0,0
"1404",0,0,0,0,0,0,0,0,5,0,0
"1406",14,0,0,0,0,0,0,0,0,0,0
"1409",0,0,0,0,0,0,0,0,1,0,1
"1413",0,0,0,0,0,0,2,0,0,0,1
"1421",0,0,0,0,0,0,1,0,0,0,1
"1430",0,0,0,0,0,0,0,0,2,0,1
"1435",2,0,0,0,0,0,0,0,0,0,1
"1436",0,0,0,0,0,0,0,0,0,0,2
"1437",0,1,0,0,0,0,0,0,0,1,2
"1441",0,0,0,0,0,0,0,0,0,0,34
"1442",0,0,0,0,0,0,0,0,0,0,1
"1444",0,0,0,0,0,2,0,0,0,0,0
"1451",0,0,0,0,0,0,0,6,5,0,11
"1452",0,0,0,0,0,0,0,15,0,0,5
"1453",0,0,0,0,0,0,0,1,4,0,6
"1455",0,0,0,0,0,0,0,0,38,0,1
"1456",0,0,0,0,0,0,3,0,0,0,0
"1457",0,0,0,0,0,0,0,5,0,0,2
"1460",0,0,0,0,0,0,0,7,0,0,1
"1465",0,0,0,0,0,0,0,0,1,0,1
"1466",0,0,0,0,0,0,1,0,0,0,2
"1467",0,0,0,0,0,0,0,2,4,0,9
"1471",0,0,0,0,0,0,8,0,0,0,1
"1473",0,0,0,0,0,3,0,0,0,0,0
"1477",0,0,0,0,0,0,0,0,14,0,1
"1481",0,0,0,0,0,0,0,1,0,0,1
"1482",0,0,0,0,0,0,0,2,0,0,2
"1485",0,0,0,0,0,0,0,0,18,0,0
"1486",0,0,0,0,0,0,0,0,3,0,0
"1487",0,0,0,0,0,2,0,0,0,0,0
"1494",0,0,0,0,0,0,0,8,9,0,16
"1495",0,0,0,0,0,0,0,2,0,0,0
"1496",0,0,0,0,0,0,0,0,0,0,3
"1498",1,0,0,0,0,0,0,0,0,0,1
"1504",4,0,0,0,0,0,0,0,0,0,1
"1509",0,0,0,0,0,0,0,2,0,0,0
"1511",0,0,0,0,2,0,0,0,0,0,1
"1512",0,0,0,0,0,0,0,0,2,0,0
"1519",3,0,0,0,0,60,0,0,0,0,3
"1526",0,0,0,0,0,0,0,0,2,0,1
"1527",0,0,0,0,0,0,0,0,2,0,0
"1528",0,0,0,0,0,0,0,0,12,0,1
"1529",9,0,0,8,0,0,0,1,0,0,10
"1531",0,0,0,0,0,0,0,1,0,0,1
"1532",3,0,0,3,0,0,0,0,0,0,3
"1542",0,0,0,0,0,0,0,0,7,0,0
"1543",4,0,0,0,0,0,0,0,0,0,0
"1546",0,0,0,0,0,0,0,0,8,0,1
"1549",0,0,0,0,0,0,0,4,0,0,1
"1551",0,0,0,0,0,0,0,0,0,0,2
"1554",0,0,0,0,0,0,0,0,2,0,0
"1555",0,0,0,0,0,0,0,6,0,0,1
"1556",0,0,0,0,0,0,0,24,0,0,10
"1558",12,0,0,0,0,0,0,0,3,0,8
"1559",0,0,0,0,0,0,0,0,0,0,2
"1560",0,1,0,0,0,0,0,10,0,0,5
"1561",0,0,0,0,0,0,3,0,0,0,0
"1566",1,0,0,4,0,0,1,0,0,0,8
"1568",0,0,0,0,0,0,0,0,0,0,2
"1573",0,0,0,0,0,0,0,0,5,0,2
"1581",0,0,0,0,0,0,0,2,0,0,0
"1582",4,0,0,0,0,0,0,0,0,0,3
"1584",0,0,0,0,0,0,0,2,0,0,2
"1588",0,0,0,1,0,0,0,12,0,0,12
"1589",0,0,0,0,0,0,0,1,5,0,4
"1590",7,0,2,0,0,0,0,0,0,0,2
"1593",0,0,0,0,0,0,0,27,6,0,43
"1594",0,0,0,0,0,0,0,0,0,0,2
"1596",0,0,0,0,0,0,0,0,6,0,1
"1600",0,0,0,0,0,0,0,6,0,0,6
"1601",0,0,0,0,0,0,2,0,0,0,0
"1604",1,0,0,0,0,0,0,0,0,0,1
"1605",0,0,0,0,0,0,0,0,8,0,1
"1606",0,0,0,0,0,0,0,0,6,0,9
"1612",4,0,0,0,0,4,0,0,0,0,1
"1615",0,0,0,0,0,0,0,0,0,6,6
"1616",0,0,0,0,0,0,0,2,0,0,1
"1617",0,0,0,0,0,0,0,0,4,0,0
"1619",0,0,0,0,0,0,0,0,0,0,6
"1621",0,0,0,0,0,0,0,0,1,0,0
"1627",0,0,0,0,0,0,0,8,0,0,9
"1629",0,0,0,0,0,0,0,1,1,0,1
"1631",0,0,0,0,0,0,0,0,3,0,1
"1639",0,0,0,0,0,0,0,2,0,0,0
"1640",0,0,0,0,0,0,0,4,0,0,0
"1648",0,0,0,0,0,0,0,1,0,0,1
"1649",3,0,0,0,0,0,0,0,3,0,3
"1651",0,0,0,0,0,0,1,0,0,0,1
"1652",0,0,0,3,0,0,1,0,0,0,0
"1653",0,0,0,0,0,0,0,0,4,0,10
"1654",0,0,0,0,0,0,0,6,2,0,10
"1656",0,0,0,0,0,0,0,0,2,0,1
"1661",0,0,0,0,0,0,0,0,0,1,4
"1665",0,0,0,0,0,2,0,0,0,0,1
"1667",0,0,0,0,0,0,0,1,1,0,2
"1673",3,0,0,0,0,0,0,0,0,0,0
"1674",0,0,0,0,0,0,0,0,1,0,3
"1678",0,0,0,0,0,0,0,0,0,0,2
"1679",0,0,0,2,0,0,0,0,0,0,1
"1680",0,0,0,0,0,0,0,0,4,0,0
"1681",0,0,0,0,0,0,0,0,0,0,2
"1683",0,0,0,0,0,0,0,0,0,0,7
"1684",11,0,0,0,0,0,0,8,10,0,17
"1688",0,0,0,0,0,0,0,0,3,0,0
"1692",0,0,0,0,0,0,0,0,34,0,2
"1696",0,0,0,0,0,2,0,0,0,0,0
"1701",0,0,0,0,0,0,0,6,5,0,6
"1705",1,0,0,0,0,0,0,0,0,0,1
"1707",2,0,0,0,0,0,0,0,0,0,21
"1708",0,0,0,0,0,0,4,0,0,0,2
"1709",0,0,0,0,0,0,0,0,0,0,2
"1712",0,1,0,0,0,0,0,4,0,0,0
"1713",0,0,1,12,0,0,16,0,0,0,26
"1715",0,0,0,0,0,0,0,0,1,0,3
"1718",0,0,0,0,0,0,0,0,0,0,3
"1720",0,0,0,0,0,1,0,0,9,0,0
"1722",0,0,0,0,0,0,0,2,0,0,0
"1723",0,0,0,0,0,0,0,0,8,0,0
"1725",0,0,0,1,0,0,0,0,0,0,1
"1727",0,0,0,0,0,0,0,0,1,0,1
"1730",0,0,0,0,0,0,0,1,0,0,1
"1731",0,0,0,0,0,0,0,2,0,0,1
"1737",0,0,0,0,0,0,0,3,3,0,2
"1738",13,0,0,0,0,0,0,0,0,0,1
"1741",1,0,5,0,0,0,0,0,0,0,0
"1746",0,0,0,10,0,0,0,0,0,0,0
"1750",0,0,0,2,0,1,0,0,0,0,14
"1751",0,0,0,0,0,0,0,0,0,0,2
"1760",0,0,0,0,0,0,0,0,1,0,3
"1761",4,0,0,0,0,0,0,0,0,0,0
"1763",0,0,0,0,0,0,0,0,2,0,0
"1769",0,0,0,0,0,0,3,0,0,0,0
"1772",0,0,0,0,0,0,3,0,0,0,0
"1773",0,0,0,0,0,0,0,0,0,0,2
"1774",0,0,0,0,0,0,0,3,0,0,1
"1776",0,0,0,0,0,0,0,0,20,0,1
"1777",0,0,0,0,0,0,0,3,0,0,0
"1780",1,0,0,0,0,0,0,0,1,0,0
"1783",0,0,0,0,0,0,0,0,4,0,1
"1786",3,0,0,0,0,0,0,0,0,0,0
"1788",0,0,0,0,0,0,0,0,0,0,2
"1791",0,0,0,0,0,0,0,1,3,0,2
"1795",0,0,0,0,0,0,0,9,0,0,1
"1804",0,0,0,0,0,4,0,0,0,0,2
"1808",0,0,0,0,0,0,0,0,0,0,1
"1814",19,0,0,0,0,0,0,0,0,0,0
"1817",0,0,0,0,0,0,0,2,0,0,0
"1820",0,0,0,0,1,0,0,0,0,0,2
"1821",0,0,0,0,0,0,0,0,2,0,0
"1823",0,0,0,0,0,0,0,0,2,0,3
"1829",0,0,0,0,0,0,0,0,9,0,4
"1830",0,0,0,0,0,0,0,1,0,0,4
"1834",0,0,0,0,0,0,0,7,0,0,2
"1835",0,0,0,0,0,1,0,0,0,0,3
"1839",0,0,0,0,0,0,0,0,0,0,5
"1840",0,0,0,0,0,0,0,0,8,0,0
"1841",13,0,1,0,0,0,0,1,0,0,1
"1842",0,0,0,0,0,14,0,0,0,0,1
"1843",0,0,0,0,0,0,1,0,0,0,1
"1844",60,0,1,0,0,1,0,0,48,0,7
"1849",0,0,0,0,0,0,0,0,0,0,3
"1858",0,0,0,0,0,0,0,0,0,0,3
"1862",0,0,0,0,0,0,0,9,1,0,1
"1864",0,0,0,0,0,0,0,0,2,0,3
"1868",0,0,0,0,0,0,0,0,0,0,2
"1871",0,0,0,0,0,0,0,0,2,0,3
"1873",2,0,0,0,0,0,0,0,0,0,0
"1876",0,0,0,0,0,0,0,9,0,0,3
"1880",0,0,0,0,0,0,0,0,3,0,1
"1892",0,0,0,0,0,1,0,0,0,0,3
"1893",0,0,0,0,0,0,0,1,0,0,1
"1896",0,0,0,0,0,0,0,0,0,0,2
"1897",0,0,0,0,0,0,1,0,0,0,1
"1900",0,0,0,0,0,0,0,30,4,0,18
"1904",0,0,0,0,0,0,2,0,0,0,0
"1907",0,0,0,0,0,0,0,0,7,0,8
"1908",0,0,0,0,0,0,0,0,3,0,0
"1909",0,0,0,0,0,0,3,0,0,0,1
"1910",0,0,0,0,0,0,0,0,5,0,3
"1911",5,0,1,0,0,0,0,0,0,0,3
"1916",14,0,0,0,0,0,0,0,0,0,2
"1921",0,0,0,0,0,0,0,0,5,0,4
"1924",0,0,0,0,0,0,0,0,4,0,2
"1926",0,0,0,2,0,0,1,0,0,0,4
"1928",0,0,0,0,0,0,0,0,1,0,1
"1930",9,0,0,0,0,0,0,0,0,0,3
"1931",0,0,0,0,0,0,0,0,31,0,0
"1933",0,0,0,5,0,0,1,0,0,0,5
"1944",0,0,0,0,0,0,0,0,9,0,0
"1950",0,0,0,0,0,0,0,0,1,0,8
"1951",0,0,0,0,0,0,2,0,0,0,2
"1956",0,0,0,0,0,0,0,3,0,0,1
"1957",5,0,0,0,0,0,0,0,0,0,2
"1959",0,0,0,0,0,5,0,0,0,0,0
"1960",0,0,0,0,0,0,0,2,0,0,0
"1961",0,0,0,0,0,0,0,1,8,0,17
"1962",2,0,0,0,0,0,0,0,0,0,1
"1963",0,0,0,0,0,0,0,1,0,0,1
"1969",0,0,0,0,0,0,0,0,0,0,23
"1972",3,0,0,0,0,0,0,0,0,0,0
"1973",4,0,0,0,0,1,0,0,0,0,16
"1975",0,0,0,0,0,0,0,2,0,0,1
"1978",0,0,0,0,0,0,0,4,0,0,0
"1979",0,0,0,0,0,0,0,8,43,0,7
"1980",0,0,0,0,0,0,0,3,0,0,0
"1984",26,0,0,0,0,0,0,0,0,0,2
"1985",0,0,0,0,0,0,0,0,6,0,8
"1990",0,0,0,0,0,0,0,3,13,0,9
"1992",0,0,0,0,0,0,0,0,3,0,0
"1993",0,0,0,0,0,0,0,0,2,0,0
"1994",0,0,0,0,0,0,0,0,1,0,2
"1995",0,0,0,0,0,0,0,0,0,0,2
"1998",0,0,0,0,0,0,0,0,6,0,4
"1999",0,0,0,0,0,0,0,22,7,0,5
"2000",0,0,0,0,0,0,0,0,16,0,0
"2003",0,0,0,0,0,0,0,0,11,0,1
"2004",0,0,0,0,0,1,0,0,0,0,1
"2005",0,0,0,0,0,0,0,0,2,0,0
"2006",0,0,0,0,0,1,0,19,39,0,21
"2008",0,0,0,0,0,74,0,0,0,0,6
"2009",0,0,0,0,0,0,0,0,6,0,0
"2011",5,0,0,0,0,0,0,0,0,0,0
"2012",0,0,0,0,0,0,0,0,8,0,3
"2014",0,0,0,0,0,0,0,0,5,0,0
"2015",0,0,0,0,0,0,0,4,1,0,2
"2016",0,0,0,0,0,0,1,2,71,0,7
"2022",0,0,0,0,0,0,0,0,2,0,2
"2026",0,0,0,0,0,0,0,0,0,0,2
"2028",0,0,0,0,0,0,0,0,2,0,0
"2029",0,0,0,0,0,0,3,0,0,0,0
"2030",0,0,0,0,0,0,0,0,1,0,1
"2034",0,0,0,0,0,0,0,0,2,0,1
"2035",0,0,0,0,0,0,0,2,0,0,0
"2040",1,0,0,0,0,0,0,27,0,0,20
"2042",0,0,0,0,0,0,0,2,0,0,0
"2043",0,0,0,0,0,0,0,15,2,0,12
"2044",0,0,0,0,0,0,0,0,0,0,16
"2046",0,0,0,1,0,0,1,0,0,0,4
"2050",0,0,0,0,0,0,0,0,0,0,2
"2061",0,0,0,0,0,0,0,0,0,0,2
"2071",0,0,0,0,0,0,0,2,0,0,0
"2075",2,0,1,6,0,8,0,0,0,0,35
"2076",0,0,0,0,0,0,0,0,6,0,1
"2077",0,0,3,0,0,0,0,0,0,0,1
"2080",0,0,0,0,0,0,0,5,0,0,0
"2085",7,0,1,0,0,0,0,0,0,0,0
"2087",0,0,0,0,0,0,0,0,0,0,2
"2088",0,0,0,0,0,0,0,0,0,0,3
"2092",2,0,10,0,0,0,0,0,12,0,2
"2095",1,0,0,0,0,0,4,0,0,0,27
"2099",0,0,0,0,0,0,0,0,0,0,2
"2100",0,0,0,0,0,0,1,0,0,0,2
"2105",0,0,0,0,0,0,0,2,0,0,0
"2108",0,0,0,0,0,0,0,0,0,0,3
"2111",0,0,0,0,0,0,1,0,11,0,0
"2112",2,0,0,0,0,0,0,0,24,0,12
"2116",0,0,0,0,0,0,0,7,13,0,14
"2119",0,0,0,0,0,1,0,0,0,0,1
"2122",0,0,0,0,0,0,0,2,0,0,7
"2124",1,0,0,0,0,0,2,0,0,0,6
"2126",0,0,0,0,0,0,0,1,2,0,0
"2129",0,0,0,0,0,0,0,0,4,0,2
"2132",2,0,0,3,0,0,11,0,6,0,1
"2137",0,0,0,0,0,0,0,0,0,0,2
"2142",0,0,0,0,0,0,0,1,0,0,3
"2146",0,0,0,2,0,0,8,0,0,0,4
"2148",0,0,0,0,0,0,0,0,1,0,1
"2151",0,0,0,0,0,0,0,8,0,0,1
"2157",0,0,0,0,0,0,0,0,2,0,3
"2164",0,0,0,0,0,0,0,0,0,0,3
"2165",18,0,0,0,0,0,2,0,0,0,7
"2166",0,0,0,0,0,0,0,0,2,0,2
"2167",2,0,0,0,0,0,0,0,0,0,0
"2168",0,0,0,0,0,0,0,0,2,0,0
"2170",0,0,0,0,0,0,0,0,0,0,2
"2174",7,0,0,0,0,0,1,0,17,0,23
"2178",2,0,0,0,0,0,0,0,0,0,1
"2180",1,0,0,0,0,0,0,0,0,0,1
"2182",0,0,0,0,0,0,5,0,0,0,1
"2183",0,0,0,0,0,0,0,0,2,0,0
"2188",0,0,0,0,0,0,0,15,4,0,1
"2189",5,0,0,0,0,0,0,0,0,0,0
"2190",1,0,0,0,0,0,0,0,54,0,5
"2191",0,0,0,0,0,1,1,0,46,0,6
"2192",0,0,0,0,0,0,0,18,0,0,2
"2195",0,0,0,0,0,0,0,9,3,0,5
"2196",0,0,0,0,0,0,0,2,0,0,0
"2197",0,0,0,0,0,0,0,7,5,0,15
"2200",0,0,0,0,0,0,0,0,8,0,0
"2201",0,0,0,0,0,0,0,0,11,0,1
"2203",0,0,0,0,0,0,0,0,0,0,2
"2215",0,0,0,0,0,0,0,2,0,0,0
"2217",0,0,0,0,0,0,0,0,4,0,1
"2218",0,0,0,0,0,0,6,0,0,0,2
"2223",0,0,0,0,0,0,0,5,1,0,0
"2224",0,0,0,0,0,0,0,11,2,0,8
"2225",0,0,0,0,0,0,0,17,19,0,19
"2230",0,0,0,0,0,2,0,0,0,0,0
"2234",0,0,0,0,0,2,0,0,0,0,0
"2237",1,0,0,0,0,0,0,0,12,0,6
"2246",0,0,0,0,0,0,0,0,2,0,0
"2247",0,0,0,0,0,0,0,0,2,0,2
"2248",0,0,0,0,0,0,0,8,40,0,20
"2255",0,0,0,0,0,1,0,0,0,0,1
"2256",18,0,0,0,0,0,1,0,0,0,2
"2257",31,0,0,0,0,77,1,0,0,0,3
"2260",0,0,0,0,0,0,0,7,0,0,0
"2262",0,0,0,0,0,0,0,0,0,0,2
"2263",0,0,0,0,0,0,2,0,0,0,0
"2264",0,0,0,0,0,0,2,0,0,0,4
"2267",0,0,0,0,0,0,0,5,0,0,0
"2268",0,0,0,0,0,0,0,0,5,0,0
"2272",0,0,0,0,0,0,0,0,0,0,2
"2274",0,0,0,0,0,0,0,0,0,0,10
"2283",36,0,0,0,0,0,0,0,0,0,0
"2284",0,0,0,0,0,0,0,0,0,0,2
"2286",0,0,0,0,0,0,2,0,0,0,0
"2288",29,0,0,0,0,0,0,1,0,0,0
"2290",0,0,0,0,0,0,0,6,0,0,4
"2291",0,0,0,0,0,0,6,0,0,0,0
"2295",0,0,0,0,0,0,0,0,10,0,1
"2304",6,0,0,0,0,0,0,0,0,0,0
"2308",0,0,0,0,0,0,0,0,13,0,0
"2310",0,2,0,0,2,0,0,1,0,1,7
"2316",4,0,0,0,0,0,0,0,0,0,2
"2319",0,0,0,0,0,0,0,6,13,0,2
"2320",0,0,0,0,0,0,0,0,10,0,4
"2321",0,0,0,0,0,0,0,0,4,0,1
"2322",0,0,0,0,0,0,1,0,0,0,1
"2323",0,0,0,0,0,0,0,0,0,5,3
"2326",0,0,0,0,0,0,0,0,2,0,1
"2327",0,0,0,0,0,0,0,7,0,0,0
"2332",4,0,0,0,0,0,0,0,2,0,12
"2334",0,0,0,0,0,0,0,6,5,0,15
"2335",0,0,0,0,0,0,0,0,9,0,2
"2340",0,0,0,0,0,0,0,0,2,0,0
"2342",0,0,0,0,0,0,0,12,0,0,0
"2344",0,0,2,0,0,0,0,0,1,0,5
"2348",0,0,0,0,0,0,0,0,4,0,0
"2349",0,0,0,0,0,0,0,1,1,0,0
"2350",0,0,0,0,0,31,0,0,0,0,0
"2354",0,0,0,0,0,0,2,0,0,0,0
"2355",0,0,0,0,0,0,0,0,6,0,1
"2366",0,0,0,0,0,0,0,3,0,0,0
"2367",0,0,0,0,0,0,0,0,6,0,0
"2368",40,0,2,0,0,0,0,0,0,0,2
"2370",0,0,0,0,0,0,0,8,8,0,0
"2371",0,0,0,0,0,1,0,63,38,0,63
"2380",4,0,0,0,0,5,0,0,0,0,5
"2382",0,0,0,0,0,0,0,0,49,0,2
"2385",0,0,0,1,0,0,0,0,0,0,2
"2386",0,0,0,0,0,0,0,0,9,0,0
"2391",0,0,0,0,0,0,0,1,0,0,4
"2398",0,0,0,0,0,13,0,0,0,0,0
"2400",6,0,0,0,0,0,0,0,1,0,0
"2403",0,0,0,0,0,0,0,16,9,0,12
"2405",0,0,0,0,0,0,0,6,0,0,5
"2409",12,0,0,0,0,0,0,0,0,0,10
"2411",0,0,0,0,0,0,0,0,1,0,3
"2412",0,0,0,0,0,0,0,0,2,0,0
"2415",3,0,1,0,0,0,0,0,0,0,7
"2416",0,0,0,0,0,0,0,0,14,0,1
"2418",40,0,1,0,0,0,0,0,0,0,0
"2419",0,0,0,0,0,0,0,2,0,0,1
"2421",0,0,0,0,0,0,0,0,9,0,1
"2422",0,0,0,0,0,0,0,4,1,0,0
"2424",0,0,0,0,0,0,0,0,11,0,6
"2426",0,0,0,0,0,0,0,0,0,0,3
"2431",0,0,0,0,0,0,0,0,0,0,14
"2436",0,0,0,0,0,0,0,0,0,0,12
"2439",0,0,0,0,0,0,0,1,0,0,1
"2443",0,0,0,0,0,0,0,3,9,0,4
"2448",0,0,0,0,0,0,0,2,0,0,1
"2449",0,0,0,0,0,0,0,0,19,0,10
"2452",0,0,0,0,0,0,0,0,8,0,0
"2455",0,0,0,0,0,0,0,1,0,0,1
"2456",0,0,0,0,0,0,0,0,13,0,1
"2457",0,0,0,0,0,0,1,0,0,0,1
"2458",12,0,0,0,0,0,0,0,0,0,0
"2460",0,0,0,0,0,0,1,0,0,0,1
"2465",0,0,0,0,0,0,1,0,0,0,3
"2467",13,0,0,0,0,2,3,0,0,0,17
"2471",0,0,0,0,0,0,0,2,1,0,4
"2475",0,0,0,0,0,0,8,0,1,0,2
"2476",2,0,0,0,0,0,0,0,0,0,0
"2480",0,0,0,0,0,0,0,0,1,0,1
"2486",0,0,0,0,0,0,0,0,1,0,4
"2493",0,0,0,0,0,1,0,0,10,0,5
"2496",0,0,0,0,0,0,0,9,0,0,1
"2497",0,0,0,0,0,0,0,0,0,0,11
"2500",0,0,0,0,0,0,0,1,0,0,1
"2502",37,0,0,0,0,0,1,1,11,0,6
"2510",0,0,0,0,0,0,0,1,0,0,16
"2512",0,0,0,0,0,0,2,0,0,0,1
"2528",0,0,0,0,0,0,0,0,2,0,0
"2529",2,0,0,0,0,0,0,0,0,0,0
"2532",0,0,0,0,0,0,0,0,4,0,1
"2534",0,0,0,0,0,0,0,3,0,0,1
"2537",0,0,0,0,0,0,0,0,3,0,2
"2540",61,0,4,0,0,0,0,0,25,0,9
"2549",0,0,0,0,0,0,0,0,2,0,4
"2553",0,0,0,0,0,0,6,0,0,0,1
"2554",7,0,0,0,0,0,3,0,0,0,3
"2558",0,0,0,0,0,0,0,0,0,0,2
"2560",0,0,0,0,0,0,0,2,0,0,0
"2561",0,0,0,0,0,0,0,1,0,3,0
"2564",0,0,0,0,0,0,0,0,5,0,2
"2566",0,0,0,0,0,2,1,0,0,0,7
"2568",0,0,0,0,0,0,0,0,3,0,1
"2569",0,0,0,0,0,0,0,3,0,0,11
"2570",0,0,0,0,0,0,0,25,4,0,43
"2577",0,0,0,0,0,0,0,0,0,0,2
"2578",0,0,0,0,0,0,0,17,1,0,4
"2579",0,0,0,0,0,5,0,0,0,0,0
"2581",0,0,0,0,0,0,0,0,46,0,8
"2584",0,0,0,0,0,0,0,0,4,0,2
"2589",2,0,0,0,0,0,0,0,0,0,0
"2590",0,0,0,0,0,0,2,0,0,0,1
"2593",0,0,0,0,0,0,0,0,14,0,2
"2594",0,0,0,0,0,0,0,0,2,0,0
"2595",2,0,0,0,0,0,0,0,0,0,0
"2599",0,0,0,0,0,0,0,3,18,0,29
"2604",0,0,0,0,0,0,0,2,0,0,0
"2606",0,0,0,1,0,0,0,0,0,0,1
"2607",0,0,0,0,0,0,0,11,0,0,0
"2608",0,0,0,1,0,0,18,0,0,0,5
"2609",0,0,0,0,0,0,0,1,0,0,1
"2612",0,0,0,0,0,0,0,0,3,0,1
"2613",0,0,0,0,0,0,0,0,1,0,1
"2614",0,0,0,0,0,0,0,0,4,0,1
"2617",0,0,0,0,0,0,0,5,3,0,5
"2619",1,0,0,0,0,0,0,0,18,0,2
"2629",1,0,0,0,0,0,0,0,0,0,1
"2631",3,0,0,0,0,0,0,0,0,0,0
"2633",25,0,1,0,0,0,0,0,0,0,3
"2635",0,0,0,0,0,0,0,2,5,0,5
"2638",0,0,0,0,0,0,0,4,0,0,0
"2639",1,0,0,0,0,0,0,0,6,0,56
"2645",1,0,1,0,0,0,0,0,0,0,0
"2650",1,0,0,0,0,0,0,0,0,0,2
"2651",0,0,0,0,0,10,0,0,0,0,0
"2655",0,0,0,0,0,0,1,0,0,0,1
"2661",0,1,0,0,0,0,0,9,0,0,2
"2664",2,0,0,0,0,0,0,0,0,0,1
"2667",0,0,0,0,0,0,0,0,0,0,2
"2668",0,0,0,0,0,0,0,2,0,0,0
"2674",0,0,0,0,0,0,0,44,33,0,29
"2682",0,0,0,0,0,0,0,0,0,0,2
"2683",3,0,0,0,0,0,0,0,0,0,1
"2684",0,0,0,0,0,0,0,0,12,0,0
"2687",0,0,0,0,0,0,0,0,2,0,2
"2690",1,0,0,0,0,0,0,5,20,0,15
"2694",0,0,0,0,0,0,0,2,12,0,7
"2699",0,0,0,0,0,0,0,0,0,0,3
"2701",0,0,0,0,0,0,0,0,3,0,0
"2702",1,0,0,0,0,0,0,0,0,0,1
"2707",0,0,0,0,0,0,0,1,0,0,1
"2710",0,0,0,0,0,0,0,1,3,0,1
"2714",0,0,0,0,0,0,0,0,0,0,5
"2715",0,0,0,2,0,0,0,0,0,0,1
"2716",0,0,0,0,0,0,2,0,0,0,0
"2717",0,0,0,0,0,0,0,0,1,0,1
"2720",0,0,0,0,0,0,0,3,0,0,0
"2723",28,0,0,0,0,0,0,0,0,0,0
"2726",1,0,0,0,0,0,2,0,0,0,0
"2728",0,0,0,0,0,0,0,0,2,0,1
"2732",0,0,0,0,0,0,0,0,0,0,2
"2734",0,0,0,0,0,6,0,0,0,0,1
"2736",0,0,0,0,0,0,0,10,10,0,10
"2737",3,0,0,0,0,0,0,0,0,0,0
"2740",0,0,0,0,0,0,0,4,0,0,0
"2750",0,0,0,0,0,0,1,1,0,0,29
"2752",0,0,0,0,0,0,0,0,2,0,4
"2755",1,0,0,0,0,0,0,0,6,0,3
"2757",0,0,0,0,0,0,2,0,0,0,2
"2758",0,0,0,0,0,0,0,0,2,0,3
"2762",7,0,0,0,0,0,0,0,0,0,0
"2763",0,0,0,0,0,0,0,0,2,0,0
"2765",0,0,0,0,0,0,0,0,7,0,0
"2767",0,0,0,0,0,0,0,3,1,0,5
"2769",33,0,2,0,0,1,0,0,0,0,0
"2771",0,0,0,0,0,0,0,0,0,0,2
"2772",0,0,0,0,0,0,0,0,5,0,0
"2773",16,0,0,0,0,0,0,0,2,0,8
"2777",0,0,0,3,0,1,3,0,0,0,7
"2778",0,0,0,0,0,0,0,0,0,0,8
"2784",0,0,0,0,0,0,0,0,3,0,1
"2788",0,0,0,0,0,0,0,0,0,0,2
"2790",0,0,0,0,0,0,0,0,2,0,0
"2792",0,0,0,0,0,0,0,32,4,0,6
"2796",0,0,0,0,0,0,0,0,2,0,0
"2807",0,0,0,0,0,0,0,8,1,0,2
"2808",2,0,2,0,0,0,0,0,0,0,1
"2811",2,0,3,0,0,0,0,0,1,0,2
"2812",0,0,0,0,0,0,1,1,66,0,1
"2819",0,0,0,1,0,0,5,0,0,0,0
"2824",0,0,0,1,0,0,0,0,0,0,2
"2828",0,0,0,0,0,0,0,0,0,0,2
"2832",1,0,1,0,0,0,0,14,60,0,11
"2833",1,0,0,0,0,0,0,0,1,0,4
"2835",0,0,0,0,0,0,0,15,14,0,29
"2838",0,0,0,0,0,0,0,0,3,0,0
"2841",0,0,0,0,0,0,0,3,0,0,1
"2842",0,0,0,0,0,0,0,2,0,0,0
"2843",0,0,0,0,0,0,0,1,1,0,0
"2844",9,0,0,0,0,0,0,0,0,0,1
"2845",0,0,0,0,0,0,0,0,2,0,0
"2846",5,0,0,0,0,0,0,0,0,0,3
"2848",0,0,0,0,0,0,0,2,0,0,0
"2849",0,0,0,1,0,0,18,2,0,0,7
"2850",0,0,0,0,0,0,1,0,0,0,4
"2856",0,0,0,0,0,0,0,1,0,0,2
"2863",25,0,0,0,0,0,0,2,0,0,3
"2867",0,0,0,0,0,0,0,0,3,0,0
"2869",0,0,0,0,0,0,0,1,13,0,5
"2877",0,0,0,1,0,0,4,0,0,0,1
"2878",0,0,0,0,0,0,0,0,7,0,1
"2880",0,0,0,0,0,0,0,1,5,0,1
"2883",0,0,0,0,0,0,0,0,0,0,2
"2884",0,0,0,0,0,0,0,0,7,0,0
"2885",0,0,0,0,0,0,0,0,10,0,2
"2886",0,0,0,0,0,0,2,0,0,0,0
"2887",0,0,0,0,0,0,0,17,0,0,3
"2888",77,0,1,0,0,0,0,0,0,0,2
"2892",0,0,0,2,0,0,3,0,0,0,4
"2900",0,0,0,0,0,0,0,0,2,0,1
"2902",0,0,0,0,0,0,0,0,0,0,2
"2904",0,0,0,3,0,0,0,0,0,0,5
"2909",0,0,0,0,0,1,0,0,0,0,2
"2910",0,0,0,0,0,0,0,0,3,0,1
"2912",0,0,0,0,0,0,2,0,0,0,0
"2916",0,0,0,0,0,0,0,0,5,0,3
"2917",0,0,0,0,0,0,1,0,0,0,7
"2920",0,0,0,0,0,0,0,0,5,0,2
"2922",0,0,0,0,0,0,0,10,0,0,0
"2925",0,0,0,0,0,0,1,0,0,0,2
"2926",0,0,0,0,0,0,0,0,0,0,6
"2931",0,0,0,0,0,0,0,0,0,0,5
"2932",0,0,0,0,0,0,0,0,0,0,4
"2936",0,0,0,0,0,0,0,2,0,0,0
"2938",0,0,0,0,0,0,3,0,0,0,4
"2940",0,0,0,0,0,0,0,2,3,0,2
"2945",0,0,0,0,0,0,0,13,0,0,1
"2952",0,0,0,0,0,0,0,0,0,0,3
"2954",0,0,0,0,0,2,0,0,0,0,0
"2955",0,0,0,0,0,0,0,0,0,0,11
"2958",0,0,0,0,0,0,0,13,15,0,13
"2962",0,0,0,0,0,6,0,0,0,0,0
"2963",0,0,0,0,0,0,0,0,6,0,0
"2966",0,0,0,0,0,0,0,0,1,0,1
"2969",0,0,0,0,0,0,0,0,1,0,1
"2972",0,0,0,0,0,0,0,0,0,0,2
"2974",3,0,0,0,0,0,0,0,0,0,1
"2977",0,0,0,0,0,0,0,3,0,0,2
"2978",0,0,0,0,0,0,0,0,1,0,1
"2979",0,0,0,0,0,0,0,0,19,0,5
"2981",0,0,0,0,0,0,0,1,0,0,6
"2984",0,0,0,0,0,0,0,0,4,0,2
"2989",0,1,0,0,0,0,0,0,0,0,1
"2991",0,0,0,0,0,0,0,0,2,0,0
"2992",0,0,0,0,0,0,0,0,0,0,2
"2993",5,0,0,0,0,0,0,0,0,0,0
"2994",0,0,0,0,0,0,0,0,2,0,2
"2995",0,0,0,6,0,0,11,0,0,0,12
"2996",0,0,0,0,0,0,0,3,0,0,0
"3003",0,0,0,0,0,0,0,1,0,0,1
"3004",0,0,0,0,0,0,0,1,0,0,1
"3008",0,0,0,0,0,0,0,3,0,0,2
"3009",0,0,0,0,0,0,1,0,0,0,1
"3010",0,0,0,0,0,0,1,0,0,0,9
"3012",0,0,0,0,0,0,0,2,0,0,0
"3014",0,0,0,0,0,0,0,6,0,0,0
"3016",0,0,0,0,0,0,0,2,0,0,0
"3017",0,0,0,0,0,0,0,0,13,0,1
"3019",0,0,0,0,0,0,0,0,0,0,2
"3021",2,0,0,0,0,0,0,0,0,0,0
"3022",0,0,0,0,0,0,0,0,0,0,2
"3025",0,0,0,0,0,0,0,0,4,0,3
"3028",0,0,0,1,0,4,0,0,0,0,9
"3029",0,0,0,0,0,0,0,5,0,0,0
"3031",0,0,0,0,0,0,0,2,0,0,0
"3033",0,0,0,0,0,0,0,0,0,0,2
"3042",0,0,0,0,0,0,0,2,0,0,1
"3043",0,0,0,0,0,0,0,3,0,0,0
"3044",0,0,0,0,0,0,1,0,0,0,1
"3052",0,0,0,0,0,0,2,0,0,0,0
"3056",0,0,0,0,0,0,0,0,1,0,1
"3057",0,0,0,0,0,0,0,0,0,0,2
"3061",0,0,0,0,0,0,0,0,3,0,1
"3062",0,0,0,0,0,0,6,0,0,0,4
"3066",0,0,0,0,0,0,2,0,0,0,4
"3067",0,0,0,0,0,0,0,0,12,0,1
"3068",0,0,0,0,0,0,0,0,2,0,0
"3073",0,0,0,0,0,0,0,0,0,0,2
"3077",0,0,0,0,0,0,0,1,10,0,5
"3079",0,0,0,0,0,0,0,2,0,0,1
"3080",0,0,0,0,0,0,0,6,0,0,1
"3088",0,0,0,0,0,0,0,0,5,0,4
"3090",0,0,0,0,0,0,0,7,0,0,0
"3092",0,0,0,0,0,3,1,0,0,0,4
"3093",0,0,0,0,0,0,0,1,2,0,0
"3094",48,0,1,0,0,0,0,0,0,0,4
"3097",0,0,0,0,0,0,0,4,6,0,8
"3098",0,0,0,0,0,0,0,7,0,0,2
"3100",0,0,0,0,0,0,0,0,1,0,1
"3102",0,0,0,0,0,0,0,0,0,0,3
"3104",0,0,0,0,1,0,0,1,0,0,2
"3106",0,0,0,0,0,0,0,0,0,0,2
"3108",0,0,0,0,0,0,0,0,7,0,0
"3111",2,0,0,0,0,0,0,0,0,0,2
"3112",0,0,0,0,0,0,0,1,23,0,17
"3113",0,0,0,0,0,0,0,0,0,0,2
"3114",0,0,0,0,0,0,0,0,0,0,12
"3117",0,0,0,0,0,0,0,0,16,0,5
"3119",0,2,0,0,0,0,0,15,0,0,12
"3120",0,0,0,0,0,0,0,0,0,0,3
"3122",0,0,0,0,0,0,0,2,0,0,0
"3128",0,0,0,0,0,0,0,3,0,0,2
"3130",0,0,0,0,0,0,4,0,0,0,9
"3132",0,0,0,0,0,0,0,0,0,0,2
"3133",1,0,0,0,0,0,0,0,3,0,1
"3143",0,0,0,2,0,0,0,0,0,0,1
"3144",0,0,0,0,0,0,0,0,0,0,2
"3150",0,0,0,0,0,0,0,1,0,0,1
"3151",0,0,0,0,0,0,0,0,0,0,2
"3152",0,0,0,0,0,11,0,0,0,0,1
"3159",0,0,0,0,0,0,0,0,2,0,1
"3160",0,0,0,0,0,0,0,0,0,0,2
"3163",0,0,0,0,0,0,0,0,0,0,6
"3164",0,0,0,0,0,0,0,0,1,0,1
"3166",0,0,0,0,0,0,0,28,39,0,26
"3169",6,0,0,0,0,0,0,0,0,0,2
"3170",0,0,0,0,0,0,0,2,0,0,2
"3172",0,0,0,0,0,0,0,0,36,0,22
"3173",0,0,0,0,0,0,0,0,0,0,5
"3178",0,0,0,0,0,0,0,0,0,0,2
"3179",0,2,0,0,0,0,0,0,0,0,4
"3183",0,0,0,0,0,0,0,0,7,0,0
"3187",0,0,0,0,0,0,0,0,0,0,17
"3188",0,0,0,0,0,0,0,0,2,0,0
"3189",22,0,0,0,0,0,0,0,0,0,0
"3194",0,0,0,0,0,0,0,4,0,0,1
"3196",0,0,0,4,0,0,0,0,0,0,0
"3197",0,0,0,0,0,0,0,0,6,0,2
"3199",0,0,0,0,0,0,0,2,0,0,2
"3202",0,0,0,0,0,0,0,1,1,0,2
"3203",0,0,0,0,0,0,0,2,0,0,0
"3206",0,0,0,4,0,0,1,0,0,0,6
"3207",0,0,0,0,0,0,0,0,7,0,0
"3208",0,0,0,0,0,0,0,0,5,0,4
"3209",0,0,0,0,0,2,0,0,0,0,0
"3213",0,0,0,0,0,1,0,38,0,0,6
"3220",7,0,4,0,0,0,0,0,0,0,0
"3226",0,0,0,0,0,0,0,0,2,0,0
"3230",0,0,0,0,0,0,0,0,1,0,2
"3231",0,0,0,0,0,0,0,14,0,0,2
"3233",0,0,0,0,0,0,0,0,1,0,1
"3234",0,0,0,0,0,0,0,0,1,0,3
"3237",0,0,0,0,0,0,0,0,2,0,0
"3243",0,0,0,0,0,0,0,1,5,0,1
"3247",0,0,0,0,0,0,0,0,0,0,2
"3248",0,0,1,0,0,0,0,0,0,0,2
"3251",1,0,0,19,0,0,44,0,0,0,26
"3257",12,0,0,0,0,0,0,0,0,0,0
"3258",0,0,0,0,0,0,0,0,2,0,2
"3259",0,0,0,0,0,0,0,0,0,0,20
"3260",2,0,0,0,0,0,0,0,0,0,0
"3261",0,0,0,0,0,0,0,0,1,0,2
"3265",0,0,0,0,0,0,0,2,0,0,1
"3266",0,0,0,4,0,0,8,0,0,0,18
"3267",5,0,0,0,0,0,0,0,0,0,0
"3268",0,0,0,0,0,0,0,0,0,0,2
"3270",17,0,0,0,0,31,0,0,0,0,4
"3272",1,0,0,0,0,0,0,0,0,0,3
"3273",0,0,0,0,0,0,0,0,1,0,3
"3276",0,0,0,0,0,0,0,1,0,0,1
"3277",0,0,0,0,0,0,0,0,2,0,1
"3279",0,0,0,0,0,0,0,0,2,0,0
"3285",0,0,0,3,0,6,0,0,0,0,6
"3287",11,0,0,0,0,0,0,1,0,0,0
"3288",0,0,0,0,0,0,0,0,4,0,0
"3291",0,0,0,0,0,0,0,0,2,0,0
"3292",0,1,0,0,3,0,0,7,0,0,11
"3293",0,0,0,0,0,0,0,0,0,0,18
"3297",0,0,0,0,0,0,0,8,18,0,11
"3302",0,0,0,0,0,0,0,2,40,0,4
"3303",0,0,0,0,0,0,0,2,1,0,2
"3304",0,0,0,0,0,0,0,2,0,0,2
"3306",0,0,0,0,0,0,0,0,0,0,4
"3309",0,0,0,0,0,0,0,0,2,0,0
"3313",0,0,0,0,0,1,0,0,2,0,0
"3318",1,0,0,0,0,0,0,0,0,0,2
"3322",0,0,0,0,0,3,0,0,0,0,0
"3323",0,0,0,0,0,0,0,2,0,0,0
"3325",0,0,0,0,0,0,0,0,28,0,1
"3331",0,0,0,0,0,0,0,8,16,0,20
"3332",0,0,0,0,0,0,0,0,0,0,2
"3335",0,0,0,0,0,0,0,0,6,0,6
"3336",0,0,0,0,0,0,0,8,0,0,3
"3337",0,0,0,0,0,0,0,0,6,0,22
"3340",0,0,0,0,0,0,0,5,27,0,7
"3341",0,0,0,0,0,0,0,0,2,0,0
"3346",0,0,0,0,0,1,0,20,80,0,23
"3349",0,0,0,0,0,0,0,0,0,0,8
"3354",6,0,2,0,0,0,0,0,3,0,2
"3356",0,0,0,0,0,0,0,0,2,0,0
"3361",0,0,0,0,0,0,0,2,0,0,0
"3363",0,0,0,0,0,0,0,1,3,0,0
"3365",0,0,0,8,0,0,5,0,0,0,8
"3367",0,0,0,3,0,0,4,0,0,0,2
"3372",0,0,0,0,0,0,0,0,3,0,0
"3375",39,0,0,0,0,1,0,0,0,0,0
"3379",13,0,0,0,0,0,0,0,0,0,4
"3383",2,0,0,0,0,0,0,2,24,0,8
"3384",49,0,0,0,0,15,0,0,0,0,4
"3385",0,0,0,0,0,0,0,0,18,0,10
"3387",2,0,0,0,0,0,0,0,0,0,0
"3390",0,0,0,0,0,0,1,0,0,0,3
"3394",2,0,0,0,0,0,0,0,0,0,2
"3395",0,0,0,0,0,0,4,0,0,0,9
"3398",0,0,0,0,0,0,0,0,0,0,3
"3400",0,0,0,0,0,0,0,0,13,0,1
"3402",0,0,0,0,0,0,0,1,0,0,3
"3403",0,0,0,0,0,0,1,0,0,0,2
"3405",0,0,0,0,0,0,0,0,3,0,0
"3406",0,0,0,0,0,0,0,0,0,0,2
"3407",0,0,0,0,0,0,0,2,0,0,0
"3409",0,2,0,0,0,0,0,6,0,0,2
"3413",0,1,0,0,0,0,0,7,0,0,1
"3414",7,0,0,0,0,0,0,0,0,0,0
"3415",0,0,0,0,0,0,0,0,3,0,1
"3417",0,0,0,0,0,0,0,2,0,0,0
"3419",0,0,0,0,0,0,0,5,0,0,0
"3423",0,1,0,0,0,0,0,1,0,0,0
"3424",0,0,0,0,0,0,0,0,8,0,2
"3425",0,0,0,0,0,0,0,0,8,0,2
"3426",0,0,0,0,0,0,0,3,4,0,9
"3427",2,0,0,0,0,0,0,0,0,0,1
"3428",0,0,0,0,0,0,0,3,0,0,0
"3429",0,0,0,0,0,0,0,0,1,0,1
"3430",0,0,0,0,0,0,0,4,8,0,10
"3439",0,0,0,0,0,0,0,36,1,0,56
"3440",2,0,0,0,0,0,0,0,0,0,1
"3442",0,0,0,0,0,0,0,3,0,0,0
"3446",1,0,0,0,0,0,0,0,0,0,1
"3447",0,0,0,0,0,0,0,0,2,0,0
"3449",0,0,0,0,0,0,0,0,7,0,0
"3455",0,0,0,0,0,0,0,0,11,0,0
"3456",0,0,0,0,0,0,0,0,2,0,0
"3457",0,0,0,0,0,0,0,0,0,0,5
"3459",0,0,0,0,0,0,0,1,0,0,2
"3462",0,0,0,0,0,4,0,0,0,0,0
"3467",0,0,0,0,0,0,3,0,0,0,0
"3470",1,0,0,0,0,0,0,1,4,0,3
"3471",0,0,0,0,0,0,0,0,0,0,16
"3472",0,0,0,0,0,0,0,0,0,0,3
"3474",0,0,0,0,0,0,0,1,20,0,8
"3475",0,0,0,0,0,0,0,3,6,0,0
"3479",5,0,0,0,0,0,0,0,0,0,0
"3480",0,0,0,0,0,0,0,7,0,0,1
"3481",0,0,0,0,0,0,0,1,0,0,3
"3484",0,0,1,0,0,0,0,0,2,0,1
"3486",0,0,0,0,0,0,0,0,33,0,4
"3490",0,0,0,4,0,0,33,0,0,0,32
"3493",0,0,0,0,0,0,0,0,8,0,16
"3495",0,0,0,0,0,0,0,0,8,0,0
"3498",0,0,0,0,0,0,1,0,1,0,27
"3501",0,0,0,0,0,0,0,0,0,0,4
"3509",0,0,0,0,0,0,0,0,0,0,8
"3513",0,0,0,0,0,0,0,0,9,0,0
"3514",0,0,0,0,0,0,0,0,1,0,2
"3517",10,0,1,0,0,0,0,0,0,0,0
"3518",0,0,0,0,0,4,0,0,0,0,1
"3523",0,0,0,0,0,0,0,8,33,0,6
"3530",1,0,0,0,0,1,0,13,22,0,36
"3531",0,0,0,0,0,0,0,7,32,0,28
"3533",4,0,1,0,0,0,0,0,0,0,2
"3534",0,0,0,0,0,0,0,0,2,0,0
"3536",0,0,0,0,0,0,0,0,0,0,2
"3539",0,0,0,2,0,0,0,0,0,0,6
"3540",0,0,0,0,0,0,0,4,0,0,0
"3541",1,0,0,0,0,0,0,0,5,0,0
"3544",0,0,0,0,0,0,1,0,0,0,1
"3545",0,0,0,0,0,0,0,0,4,0,0
"3549",0,0,0,0,0,0,0,0,0,0,2
"3550",0,0,0,0,0,0,0,4,0,0,0
"3554",0,0,0,0,0,0,0,0,0,0,3
"3560",13,0,0,0,0,0,0,0,0,0,0
"3561",0,0,0,0,0,0,0,1,5,0,0
"3568",0,0,0,0,0,0,0,14,2,0,14
"3569",13,0,0,0,0,0,0,0,0,0,0
"3570",0,0,0,0,0,0,0,8,6,0,16
"3572",0,0,0,0,0,4,0,0,3,0,8
"3573",0,0,0,0,0,0,0,0,1,0,7
"3577",0,0,0,0,0,0,0,0,2,0,0
"3578",0,0,0,0,0,0,0,8,0,0,2
"3582",0,0,0,1,0,0,0,0,0,0,1
"3586",60,0,1,0,0,8,0,0,0,0,8
"3593",48,0,1,0,0,1,0,0,0,0,1
"3599",0,0,0,0,0,0,0,14,0,0,2
"3601",12,0,0,0,0,0,0,0,0,0,0
"3613",0,0,1,0,0,1,0,0,83,0,10
"3614",0,0,0,0,0,0,0,0,2,0,0
"3615",0,0,0,0,0,0,0,0,2,0,0
"3616",0,0,0,0,0,0,0,0,0,0,2
"3625",0,0,0,0,0,0,0,0,4,0,2
"3628",0,0,4,0,0,0,0,0,0,0,3
"3629",0,0,0,0,0,0,0,0,0,0,51
"3632",0,0,0,0,0,1,0,14,10,0,2
"3633",0,0,0,0,0,0,0,0,1,0,3
"3634",0,0,0,0,0,0,0,0,3,0,1
"3639",5,0,0,0,0,6,0,1,0,0,3
"3643",0,0,0,0,0,0,0,2,0,0,1
"3644",7,0,0,0,0,0,0,1,3,0,0
"3646",0,0,0,0,0,0,0,1,2,0,3
"3647",0,0,0,0,0,0,0,0,67,0,16
"3648",0,0,0,0,0,0,0,0,4,0,2
"3653",0,0,0,0,0,2,0,0,0,0,0
"3655",2,0,0,0,0,15,0,0,0,0,1
"3660",0,0,0,0,0,0,0,9,1,0,5
"3661",0,0,0,0,0,0,1,0,0,0,2
"3662",0,0,0,0,0,0,0,5,6,0,3
"3665",0,0,0,4,0,0,4,0,0,0,1
"3666",4,0,0,0,0,0,0,0,0,0,0
"3667",0,0,0,0,0,0,0,0,0,0,2
"3669",0,0,0,0,0,0,0,0,3,0,1
"3671",0,0,0,0,0,0,0,0,2,0,0
"3672",0,0,0,6,0,2,11,0,0,0,39
"3675",0,0,0,0,0,0,0,0,2,0,2
"3678",0,0,0,0,0,0,0,0,1,0,1
"3681",0,0,0,0,0,0,0,0,0,0,2
"3682",0,0,0,0,0,0,0,1,3,0,2
"3683",59,0,2,0,0,0,1,0,0,0,2
"3686",1,0,0,0,0,0,0,0,0,0,2
"3693",0,0,0,0,0,0,0,3,0,0,0
"3694",0,0,0,0,0,5,0,0,0,0,0
"3695",0,0,0,0,0,0,0,3,0,0,0
"3697",0,0,0,0,0,0,0,11,0,0,1
"3700",0,0,0,0,0,0,0,0,0,0,3
"3702",0,0,0,0,0,0,0,0,0,0,4
"3703",0,0,0,0,0,0,0,3,0,0,8
"3707",0,0,0,0,0,0,0,0,0,0,2
"3708",3,0,0,2,0,0,0,1,0,0,18
"3714",0,0,0,0,0,0,0,0,1,0,1
"3721",0,0,0,0,0,0,0,0,1,0,2
"3724",0,0,0,0,0,0,0,1,0,0,1
"3727",0,0,0,1,0,0,2,0,0,0,1
"3728",3,0,0,0,0,0,0,0,0,0,1
"3734",11,0,0,0,0,0,0,0,0,0,2
"3735",0,0,0,0,0,0,0,4,0,0,4
"3736",7,0,0,0,0,1,0,0,0,0,3
"3737",0,0,0,0,0,0,0,3,0,0,19
"3740",0,0,0,0,0,0,3,0,0,0,2
"3741",0,0,0,0,0,0,0,0,2,0,0
"3742",0,0,0,0,0,2,0,0,0,0,0
"3752",0,0,0,0,0,0,0,3,0,0,0
"3753",0,0,0,0,0,0,0,0,2,0,0
"3754",0,0,0,0,0,0,0,0,14,0,0
"3755",0,0,0,0,0,0,0,0,2,0,2
"3756",0,0,0,0,0,0,0,0,2,0,0
"3759",0,0,0,0,0,2,0,0,0,0,0
"3763",0,0,0,0,0,0,0,0,14,0,2
"3764",2,0,0,1,0,0,0,0,0,0,4
"3766",0,0,0,0,0,0,0,0,18,0,1
"3767",2,0,0,0,0,4,0,0,0,0,0
"3769",0,0,0,0,0,0,0,0,5,0,1
"3771",0,0,0,0,0,0,0,0,2,0,1
"3775",0,0,0,0,0,1,0,0,0,0,1
"3776",23,0,1,0,0,0,0,0,0,0,1
"3777",0,0,0,0,0,0,0,0,4,0,2
"3779",1,0,0,0,0,0,18,0,0,0,14
"3785",0,0,0,0,0,0,0,5,0,0,0
"3791",0,0,0,0,0,0,13,0,0,0,20
"3795",0,0,0,0,0,0,0,1,0,0,1
"3797",0,0,0,0,0,0,0,2,0,0,1
"3798",0,0,0,0,0,0,0,2,0,0,0
"3800",0,0,0,0,0,1,0,0,0,0,1
"3802",0,0,0,1,0,0,0,7,6,0,8
"3803",0,0,0,0,0,0,2,0,0,0,2
"3804",2,0,0,0,0,0,0,0,0,0,0
"3805",0,0,0,0,0,0,0,21,41,0,18
"3807",0,0,0,0,0,0,0,2,0,0,2
"3810",0,0,0,0,0,0,0,0,5,0,0
"3814",0,0,0,0,0,0,1,1,1,0,0
"3821",0,0,0,0,0,0,0,1,0,0,1
"3822",0,0,0,0,0,0,0,0,0,0,2
"3824",0,0,0,0,0,0,2,0,0,0,0
"3826",0,0,0,0,0,0,0,0,0,0,3
"3828",0,0,0,0,0,0,0,5,51,0,1
"3831",0,0,0,0,0,0,0,0,24,0,2
"3832",0,0,0,0,0,0,0,0,0,0,2
"3837",0,0,0,0,0,0,3,0,0,0,0
"3840",0,0,0,0,0,0,0,0,5,0,1
"3841",0,0,0,0,0,0,0,19,41,0,26
"3844",0,0,0,0,0,0,1,0,0,0,1
"3846",0,0,0,0,0,0,0,0,0,0,2
"3849",0,0,0,0,0,0,0,2,0,0,0
"3852",15,0,0,0,0,1,5,0,0,0,63
"3863",0,0,0,0,0,0,0,3,0,0,0
"3870",0,0,0,0,0,2,0,21,53,0,14
"3871",0,0,0,0,0,0,0,0,7,0,0
"3872",0,0,0,0,0,0,0,0,1,0,1
"3873",0,0,1,0,0,0,0,10,13,0,10
"3881",0,0,0,0,0,0,0,0,2,0,0
"3883",0,0,0,0,0,0,0,0,0,0,2
"3884",0,0,0,3,0,0,4,0,0,0,3
"3886",0,0,0,0,0,0,0,1,0,0,2
"3888",0,0,0,0,0,0,0,17,8,0,29
"3890",0,0,0,0,0,0,0,0,2,0,0
"3891",0,0,0,0,0,0,0,0,0,0,3
"3893",0,0,0,0,0,0,0,0,0,0,2
"3894",9,0,0,0,0,1,0,1,0,0,0
"3903",29,0,0,0,0,0,0,0,0,0,1
"3905",19,0,0,0,0,0,0,0,0,0,0
"3911",0,0,0,0,0,0,0,10,0,0,8
"3913",0,0,0,2,0,0,1,0,0,0,0
"3918",1,0,0,0,0,0,0,0,0,0,1
"3919",0,0,0,0,0,0,0,0,2,0,6
"3920",0,0,0,0,0,0,4,0,0,0,2
"3921",0,0,0,0,0,0,1,0,0,0,2
"3925",0,0,0,0,0,0,0,1,12,0,0
"3926",72,0,1,0,0,0,0,0,0,0,5
"3928",24,0,0,0,0,0,0,0,19,0,8
"3932",0,0,0,0,0,0,0,1,0,0,2
"3933",1,0,0,0,0,35,0,0,0,0,10
"3934",0,0,0,0,0,0,3,0,0,0,0
"3940",3,0,0,0,0,0,0,0,0,0,0
"3941",8,0,0,0,0,0,0,0,0,0,0
"3942",0,0,0,0,0,0,0,0,0,0,2
"3946",0,0,0,0,0,0,0,0,0,0,8
"3948",0,0,0,0,0,0,0,0,0,0,2
"3951",0,0,0,0,0,0,0,0,2,0,0
"3952",0,0,0,0,0,0,0,0,1,0,3
"3956",0,0,0,0,0,0,0,0,0,0,2
"3959",0,0,0,0,0,0,0,1,2,0,11
"3960",0,0,0,0,0,0,0,15,0,0,5
"3964",2,0,0,0,0,0,0,0,0,0,0
"3967",3,0,0,19,0,4,0,0,0,0,13
"3973",21,0,0,0,0,0,0,0,0,0,1
"3974",0,0,0,0,0,0,0,0,0,0,2
"3977",0,0,0,0,0,0,0,0,0,0,8
"3980",20,0,0,0,0,0,0,0,0,0,1
"3982",0,0,0,0,0,0,0,3,0,0,1
"3984",0,0,0,0,0,0,0,2,0,0,0
"3992",0,0,0,0,0,0,0,7,0,0,30
"3993",0,0,0,0,0,0,0,0,1,0,1
"3998",0,0,0,0,0,0,0,0,0,0,2
"3999",0,0,0,0,0,0,0,0,4,0,1
"4006",0,0,0,0,0,0,0,0,0,8,7
"4007",0,0,0,0,0,0,0,1,0,0,1
"4010",0,0,0,0,0,0,0,2,0,0,7
"4013",6,0,0,0,0,0,0,0,0,0,0
"4014",0,0,0,0,0,0,0,0,10,0,1
"4021",4,0,0,0,0,0,0,0,0,0,3
"4023",0,0,0,0,0,0,0,0,0,0,2
"4024",11,0,0,0,0,0,0,0,0,0,0
"4025",0,0,0,0,0,0,0,2,0,0,1
"4026",0,0,0,0,0,0,0,6,2,0,1
"4029",0,0,0,0,0,0,0,5,0,0,0
"4030",0,0,0,0,0,0,0,5,2,0,5
"4034",0,0,0,0,0,0,0,0,1,0,3
"4035",16,0,0,0,0,0,0,0,0,0,1
"4037",1,0,0,0,0,0,0,0,0,0,1
"4043",34,0,0,0,0,0,0,0,0,0,1
"4049",0,0,0,1,0,0,3,0,0,0,16
"4053",3,0,0,0,0,0,0,0,0,0,2
"4055",0,0,0,0,0,0,0,0,3,0,1
"4058",0,0,0,0,0,0,0,0,8,0,1
"4059",0,0,0,0,0,0,0,9,4,0,9
"4060",3,0,0,0,0,0,0,0,0,0,1
"4062",0,0,0,0,0,0,0,24,17,0,30
"4063",0,0,0,0,0,0,0,0,2,0,2
"4072",0,0,0,0,0,0,0,0,2,0,0
"4079",0,0,0,0,0,0,0,2,0,0,0
"4082",1,0,0,0,0,0,0,0,0,0,1
"4083",0,0,0,0,0,0,0,5,0,0,0
"4086",0,0,0,0,0,0,0,0,7,0,2
"4087",0,0,0,0,0,0,2,0,0,0,19
"4089",0,0,0,0,0,0,0,0,1,0,1
"4096",4,0,2,0,0,0,0,0,0,0,5
"4097",2,0,0,0,0,0,0,1,0,0,0
"4102",0,0,0,0,0,0,21,0,0,0,1
"4104",0,0,0,0,0,0,0,0,0,0,2
"4108",0,0,0,0,0,7,0,0,0,0,1
"4110",0,0,0,0,0,5,0,0,0,0,0
"4118",0,0,0,0,0,0,0,3,0,0,1
"4119",0,0,0,0,0,0,0,0,0,0,1
"4121",0,0,0,0,0,0,0,0,2,0,0
"4127",0,0,0,0,0,0,0,1,0,0,2
"4134",1,0,0,0,0,0,0,1,29,0,0
"4137",0,0,0,0,0,0,0,0,0,0,2
"4138",0,0,0,0,0,0,0,0,2,0,0
"4140",0,0,0,0,0,0,0,0,1,0,1
"4141",0,0,0,0,0,0,0,6,0,0,10
"4142",0,0,0,0,0,0,0,15,31,0,20
"4143",0,0,0,0,0,0,0,1,0,0,1
"4144",0,0,0,0,0,0,3,0,0,0,4
"4145",0,0,0,0,0,0,0,0,4,0,7
"4147",0,0,0,0,0,0,0,0,2,0,0
"4150",0,0,0,0,0,0,0,1,2,0,0
"4154",0,0,0,0,0,0,0,15,0,0,2
"4155",0,0,0,0,0,0,0,0,2,0,0
"4156",0,0,0,0,0,0,0,2,0,0,1
"4158",5,0,0,0,0,2,0,0,0,0,2
"4162",0,0,0,0,0,0,0,0,3,0,1
"4168",0,0,0,0,0,0,0,2,0,0,0
"4173",1,0,0,0,0,0,0,0,0,0,1
"4174",0,0,0,0,0,0,0,3,0,0,5
"4177",0,0,0,0,0,0,0,0,3,0,0
"4180",2,0,0,0,0,0,0,0,0,0,1
"4181",0,0,0,0,0,0,0,10,0,0,5
"4182",0,0,0,0,0,0,1,0,0,0,1
"4184",0,0,0,0,0,0,0,0,0,0,5
"4185",0,0,0,0,0,0,0,0,27,0,3
"4191",0,0,0,0,0,0,0,3,10,0,17
"4194",0,0,0,0,0,0,0,0,2,0,0
"4206",19,0,0,0,0,0,0,0,0,0,2
"4208",0,0,0,0,0,9,0,0,0,0,3
"4212",0,0,0,0,0,0,0,1,6,0,7
"4214",0,0,0,0,0,0,0,0,0,0,3
"4217",0,0,0,0,0,0,0,11,6,0,13
"4218",0,0,0,0,0,0,0,0,7,0,1
"4219",0,0,0,0,0,0,0,1,0,0,1
"4221",0,0,0,0,0,0,0,0,0,0,2
"4222",0,0,0,0,0,0,0,1,0,0,1
"4223",4,0,0,0,0,0,0,0,0,0,1
"4224",0,0,0,0,0,0,0,0,3,0,0
"4227",0,0,0,0,0,0,0,1,0,0,55
"4228",0,0,0,0,0,0,0,0,0,0,5
"4231",0,0,0,0,0,0,1,0,0,0,1
"4232",0,0,0,0,0,0,0,0,15,0,2
"4233",2,0,0,0,0,0,0,0,0,0,1
"4235",0,0,0,0,0,0,0,7,5,0,45
"4236",0,0,0,0,0,0,0,0,0,0,2
"4237",0,0,0,0,0,0,0,0,4,0,3
"4238",0,0,0,0,0,0,0,8,14,0,13
"4244",0,0,0,0,0,0,0,0,34,0,2
"4246",12,0,0,0,0,0,0,0,0,0,0
"4249",0,0,0,0,0,0,0,8,25,0,5
"4251",0,0,0,0,0,0,0,0,10,0,0
"4253",0,0,0,0,0,0,0,0,0,0,3
"4256",0,0,0,0,0,0,0,0,0,0,2
"4257",0,0,0,0,0,0,0,33,7,0,65
"4259",18,0,0,0,0,0,0,0,0,0,2
"4261",3,0,0,0,0,0,0,0,0,0,1
"4262",0,0,0,0,0,0,0,1,0,0,12
"4264",0,0,0,0,0,0,0,0,0,0,2
"4268",0,0,0,0,0,0,1,0,0,0,2
"4274",0,0,0,0,0,0,0,4,0,0,0
"4278",0,0,0,0,0,0,0,0,7,0,1
"4281",0,0,0,0,0,0,0,2,0,0,0
"4288",0,0,0,0,1,0,0,14,0,0,34
"4289",0,0,0,0,0,0,0,0,5,0,0
"4293",0,0,0,0,0,0,0,0,0,0,2
"4294",0,0,0,2,0,0,2,0,0,0,3
"4295",0,0,0,0,0,0,0,0,0,0,2
"4301",0,0,0,0,0,0,0,0,10,0,4
"4302",2,0,0,0,0,1,0,0,0,0,1
"4305",0,0,0,0,0,0,0,7,3,0,8
"4307",0,0,0,0,0,0,4,0,0,0,1
"4311",0,2,0,0,0,0,0,0,0,0,0
"4312",0,0,0,0,0,0,0,0,0,0,2
"4317",0,0,1,0,0,0,0,5,6,0,8
"4320",0,0,0,0,0,0,0,0,0,0,2
"4322",0,0,0,0,0,0,0,0,2,0,1
"4324",0,0,0,0,0,0,0,5,0,0,5
"4325",0,0,0,0,0,0,0,0,2,0,0
"4333",0,0,0,0,0,0,0,0,3,0,0
"4334",0,0,0,0,0,0,0,3,0,0,2
"4335",18,0,0,0,0,0,0,0,0,0,0
"4337",0,0,0,0,0,0,0,1,0,0,1
"4340",0,0,0,0,0,0,0,0,7,0,0
"4341",0,0,0,0,0,0,0,0,0,0,4
"4342",0,0,0,0,0,0,0,0,0,0,3
"4343",0,0,0,0,0,0,0,0,0,0,2
"4346",0,0,0,0,0,0,0,0,2,0,0
"4356",2,0,0,0,0,0,0,0,0,0,1
"4360",0,0,0,2,0,0,0,0,0,0,1
"4362",0,0,0,0,0,0,0,0,0,0,2
"4364",0,0,0,0,0,0,0,1,0,0,1
"4365",0,0,0,0,0,0,0,0,0,0,1
"4375",0,0,0,0,0,0,0,0,2,0,11
"4376",0,0,0,0,0,0,0,0,1,0,1
"4379",0,0,0,0,0,0,0,0,2,0,0
"4380",0,0,0,0,0,0,0,0,3,0,2
"4382",0,0,0,0,0,0,0,9,20,0,10
"4393",0,0,0,0,0,0,0,0,2,0,2
"4396",1,0,1,0,0,0,0,1,0,0,0
"4399",0,0,0,0,0,0,0,0,0,0,3
"4400",0,0,0,0,0,0,0,0,0,0,2
"4402",4,0,0,0,0,0,0,0,0,0,0
"4407",1,0,0,0,0,0,0,0,0,0,21
"4409",0,0,0,0,0,0,5,0,0,0,4
"4410",0,0,0,0,0,0,0,0,0,0,4
"4413",0,0,0,0,0,0,0,4,5,0,6
"4414",0,0,0,0,0,0,0,3,0,0,3
"4415",0,0,0,0,0,0,0,0,2,0,3
"4420",22,0,1,0,0,0,0,0,0,0,3
"4423",0,0,0,0,0,0,0,0,17,0,1
"4424",0,0,0,0,0,0,0,0,0,0,2
"4430",0,0,0,0,0,2,0,0,0,0,0
"4432",6,0,0,0,0,0,0,0,0,0,0
"4434",0,0,0,0,0,0,0,0,4,0,3
"4436",1,0,0,0,0,0,0,0,0,0,3
"4442",0,0,0,0,0,0,0,2,0,0,1
"4445",0,0,0,0,0,0,0,1,5,0,8
"4447",0,0,0,0,0,0,0,0,0,0,2
"4448",0,0,0,0,0,0,0,0,0,0,3
"4455",0,0,0,0,0,0,0,0,0,0,3
"4456",0,0,0,0,0,0,0,0,4,0,0
"4458",0,0,0,0,0,0,0,13,0,0,0
"4460",0,0,0,0,0,0,0,0,0,0,3
"4461",16,0,0,1,0,6,1,0,0,0,17
"4462",0,0,0,0,0,0,0,0,0,0,3
"4463",0,0,0,0,0,0,0,0,2,0,1
"4464",0,0,0,0,0,0,0,2,4,0,2
"4465",0,0,0,0,0,3,0,0,0,0,0
"4470",3,0,0,0,0,0,0,0,0,0,0
"4471",0,0,0,0,0,0,0,0,0,0,2
"4472",0,0,0,0,0,0,0,0,1,0,2
"4474",7,0,0,0,0,0,0,0,0,0,0
"4478",0,0,0,0,0,9,0,0,0,0,0
"4479",0,0,0,0,0,0,0,0,1,0,2
"4480",0,0,0,0,0,0,0,0,2,0,10
"4482",0,0,0,0,0,0,0,0,0,0,2
"4489",0,0,0,0,0,0,0,0,5,0,1
"4491",0,0,0,0,0,0,0,0,1,0,1
"4493",0,0,0,0,0,3,0,0,0,0,0
"4495",1,0,1,0,0,0,0,0,0,0,0
"4496",3,0,0,0,0,0,0,0,0,0,0
"4500",0,0,0,0,0,0,0,2,0,0,1
"4501",0,0,0,0,0,0,0,0,0,0,2
"4503",0,0,0,0,0,0,1,0,0,0,7
"4511",0,0,0,0,0,0,0,0,16,0,0
"4514",0,0,0,0,0,0,0,3,1,0,2
"4518",0,0,0,0,0,1,4,0,0,0,3
"4520",0,0,0,0,0,0,0,0,2,0,0
"4522",0,0,0,1,0,0,6,1,0,0,3
"4530",0,0,0,0,0,0,0,0,0,0,2
"4534",0,0,0,0,0,0,0,5,1,0,7
"4535",0,0,0,0,0,0,0,0,3,0,0
"4536",0,0,0,0,0,0,0,0,3,0,3
"4541",0,1,0,0,0,0,0,0,0,1,6
"4542",0,0,0,0,0,0,0,13,0,0,3
"4544",13,0,0,0,0,0,0,0,0,0,1
"4549",2,0,0,0,0,0,0,0,0,0,1
"4551",0,0,0,0,0,0,2,0,0,0,1
"4560",0,0,0,0,0,0,0,0,0,0,1
"4565",0,0,0,0,0,0,0,0,2,0,1
"4567",0,0,0,0,0,0,1,0,0,0,8
"4570",0,0,0,0,0,0,1,0,0,0,1
"4571",0,0,0,0,0,0,3,0,0,0,0
"4574",0,0,0,0,0,0,0,0,4,0,2
"4579",0,0,0,0,0,0,0,2,0,0,0
"4582",0,0,0,0,0,0,0,0,3,0,42
"4584",0,0,0,0,0,0,0,4,4,0,0
"4586",2,0,0,0,0,3,0,0,0,0,6
"4588",3,0,0,0,0,16,0,0,0,0,0
"4591",0,0,0,0,0,0,0,7,0,0,0
"4592",0,0,0,0,0,0,0,0,0,0,6
"4593",0,0,0,0,0,0,0,0,8,0,0
"4596",0,0,0,0,0,3,0,0,0,0,0
"4599",0,0,0,0,0,0,0,0,0,0,4
"4601",0,0,0,0,0,0,0,0,1,0,1
"4602",0,0,0,0,0,0,0,0,1,0,1
"4606",0,0,0,0,0,0,1,0,0,0,3
"4607",0,0,0,0,0,0,0,0,1,0,1
"4609",66,0,0,0,0,0,0,0,0,0,0
"4610",17,0,0,0,0,1,0,0,0,0,0
"4615",0,0,0,0,0,0,0,0,0,1,1
"4616",0,0,0,0,0,14,0,0,0,0,1
"4618",0,0,0,0,0,2,0,0,0,0,1
"4620",7,0,0,0,0,0,0,0,0,0,0
"4621",0,0,0,0,0,0,0,0,3,0,1
"4622",0,0,0,0,0,0,0,1,0,0,1
"4625",0,0,0,0,0,4,0,0,0,0,1
"4627",0,0,0,0,0,0,0,2,0,0,0
"4628",0,0,0,0,0,0,0,0,2,0,0
"4632",0,0,0,0,0,0,0,0,0,0,2
"4633",0,0,0,0,0,0,0,0,2,0,0
"4634",0,0,0,0,0,0,0,0,0,0,2
"4636",0,0,0,0,0,0,0,0,17,0,0
"4641",12,0,1,0,0,0,0,0,0,0,0
"4648",0,0,0,0,0,0,0,0,6,0,1
"4655",3,0,0,0,0,0,0,0,0,0,1
"4658",0,0,0,0,0,0,0,0,0,0,3
"4661",0,0,0,0,0,0,0,0,0,0,5
"4663",0,0,0,0,0,3,0,9,0,0,2
"4665",0,0,0,0,0,0,0,0,0,0,3
"4667",0,0,0,0,0,0,0,0,0,0,2
"4671",0,0,0,0,0,0,0,11,4,0,1
"4672",0,0,0,0,0,0,2,0,0,0,1
"4678",0,0,0,0,0,0,0,3,4,0,0
"4679",1,0,0,0,0,0,0,0,3,0,26
"4680",0,0,0,0,0,0,0,0,0,0,4
"4681",0,1,0,0,0,0,0,14,0,0,6
"4682",0,0,0,0,0,0,0,14,0,0,0
"4684",0,0,0,21,0,1,3,0,0,0,11
"4687",0,0,0,0,0,0,0,1,1,0,0
"4693",0,0,0,0,0,0,0,0,0,0,2
"4694",0,0,0,0,0,0,0,0,3,0,1
"4698",2,0,0,0,0,0,0,1,0,0,0
"4701",0,0,0,0,0,16,0,0,0,0,0
"4702",0,0,0,0,0,0,0,0,5,0,0
"4704",0,0,0,0,0,0,0,0,3,0,0
"4707",0,0,0,0,0,0,0,0,3,0,1
"4709",0,0,0,0,0,0,0,6,0,0,6
"4710",0,0,0,0,0,0,0,10,0,0,3
"4711",0,0,0,0,0,0,0,0,0,0,2
"4716",0,0,0,0,0,0,0,3,9,0,3
"4718",0,0,0,0,0,0,0,0,0,0,4
"4719",0,0,0,0,0,0,1,0,0,0,1
"4720",0,0,0,0,0,0,0,7,0,0,2
"4722",0,0,0,0,0,0,0,0,17,0,3
"4724",20,0,0,0,0,3,0,0,0,0,0
"4725",30,0,0,0,0,0,0,0,0,0,1
"4730",0,0,0,0,0,0,0,0,4,0,0
"4731",0,0,0,0,0,0,0,50,2,0,6
"4737",0,0,0,0,0,0,0,0,3,0,0
"4738",0,0,0,0,0,0,0,7,7,0,2
"4740",0,0,0,0,0,0,0,30,0,0,1
"4742",0,0,0,0,0,0,0,0,0,0,2
"4743",0,0,0,0,0,0,0,0,1,0,4
"4744",18,0,1,0,0,2,0,0,0,0,1
"4746",0,0,0,0,0,0,0,1,0,0,1
"4753",0,0,0,0,0,0,0,0,2,0,0
"4756",0,0,0,0,0,0,0,0,0,0,2
"4757",0,0,0,0,0,0,0,5,0,0,1
"4758",0,0,0,0,0,0,1,0,3,0,2
"4759",20,0,11,0,0,1,0,0,56,0,9
"4762",0,0,0,0,0,0,1,0,0,0,1
"4764",0,0,0,0,0,0,0,3,5,0,0
"4765",0,0,0,0,0,0,0,6,0,0,0
"4767",0,0,0,0,0,0,0,2,0,0,0
"4768",0,0,0,0,0,0,5,0,0,0,0
"4770",0,0,0,0,0,0,0,0,1,0,1
"4772",0,0,0,0,0,0,0,3,0,0,0
"4775",4,0,0,0,0,0,0,0,10,0,8
"4778",0,0,0,0,0,0,0,0,1,0,1
"4779",5,0,0,0,0,0,0,0,0,0,2
"4781",0,0,0,0,0,0,0,0,0,0,3
"4785",3,0,0,0,0,0,0,0,3,0,2
"4789",0,0,0,0,0,0,0,0,0,0,2
"4790",0,0,0,0,0,1,2,0,0,0,8
"4791",2,0,0,0,0,0,0,0,0,0,0
"4792",0,0,0,0,0,0,2,0,0,0,0
"4793",0,0,0,2,0,0,0,0,0,0,0
"4798",0,0,0,0,0,0,0,0,0,0,2
"4802",0,0,0,0,0,0,0,10,0,0,0
"4803",0,0,0,0,0,0,0,0,2,0,1
"4806",0,0,0,0,0,0,0,0,0,0,2
"4807",0,0,0,0,0,0,0,3,0,0,0
"4809",5,0,0,0,0,0,0,0,0,0,0
"4811",0,0,0,0,0,0,1,0,0,0,2
"4813",0,0,0,7,0,0,0,0,0,0,4
"4817",0,0,0,0,0,0,0,0,0,0,3
"4819",14,0,0,12,0,7,0,0,0,0,1
"4820",0,0,0,0,0,0,0,1,0,0,5
"4825",0,0,0,0,0,0,0,0,0,0,2
"4828",0,0,0,0,0,0,0,0,0,0,3
"4834",0,0,0,0,0,0,15,0,0,0,62
"4837",0,0,0,0,0,0,0,0,12,0,3
"4839",0,0,0,0,0,0,0,1,0,0,1
"4840",0,0,0,0,0,0,0,0,1,0,4
"4843",3,0,0,0,0,0,0,0,0,0,1
"4845",0,0,0,0,0,2,0,0,0,0,0
"4846",0,0,0,0,0,0,0,3,0,0,0
"4853",0,0,0,0,0,0,0,1,0,0,2
"4855",6,0,0,0,0,0,10,0,0,0,10
"4859",0,0,0,0,0,0,0,2,0,0,0
"4862",0,0,0,0,0,0,0,0,2,0,0
"4863",0,0,0,0,0,0,0,0,0,0,22
"4865",3,0,0,0,0,0,0,0,0,0,0
"4867",7,0,0,0,0,0,0,0,0,0,1
"4868",0,0,0,0,0,0,0,9,0,0,2
"4871",0,0,0,4,0,0,9,0,0,0,22
"4872",0,0,0,0,0,0,0,0,2,0,0
"4874",0,0,0,0,0,0,0,4,0,0,0
"4875",0,0,0,0,0,0,0,0,6,0,1
"4878",0,0,0,0,0,0,0,0,2,0,2
"4879",0,0,0,0,0,0,0,0,2,0,0
"4880",0,0,0,0,0,0,0,0,16,0,1
"4881",0,0,0,0,0,0,6,0,0,0,4
"4888",3,0,0,0,0,0,0,0,0,0,0
"4890",0,0,0,0,0,0,0,0,0,0,4
"4892",1,0,0,0,0,0,0,0,0,0,7
"4894",0,0,0,0,0,0,0,0,0,0,5
"4895",0,0,0,0,0,0,0,0,0,0,5
"4897",0,0,0,0,0,0,0,1,0,0,1
"4898",0,0,0,0,0,0,0,2,4,0,4
"4899",0,0,0,0,0,0,0,0,3,0,1
"4905",44,0,1,0,0,0,0,0,0,0,10
"4908",0,0,0,0,0,0,0,2,0,0,1
"4909",0,0,0,0,0,0,0,3,0,0,1
"4910",0,0,0,0,0,0,0,0,0,0,2
"4912",0,0,0,0,0,0,0,0,3,0,3
"4913",11,0,0,0,0,0,0,0,0,0,0
"4914",0,0,0,0,0,0,0,0,19,0,29
"4915",0,0,0,0,0,0,2,0,0,0,0
"4918",0,0,0,0,0,0,0,0,0,0,8
"4921",0,0,0,0,0,0,0,4,0,0,2
"4922",0,0,0,0,0,0,0,0,4,0,0
"4924",0,0,0,0,0,0,0,0,0,0,9
"4927",0,0,0,0,0,0,0,8,1,0,3
"4928",0,0,0,0,0,0,0,0,0,0,4
"4929",18,0,0,0,0,0,0,0,0,0,0
"4930",0,1,0,0,0,0,0,0,0,0,4
"4931",0,0,0,0,0,0,0,0,2,0,0
"4933",0,0,0,0,0,0,0,0,2,0,0
"4936",0,0,0,0,0,0,0,0,3,0,1
"4940",0,0,0,0,0,0,0,0,0,0,2
"4943",0,0,0,0,0,0,0,0,5,0,0
"4944",0,0,0,2,0,1,0,0,0,0,5
"4945",0,0,0,0,0,0,0,0,4,0,0
"4949",0,0,0,0,0,0,0,35,5,0,6
"4950",9,0,0,0,0,0,0,0,0,0,1
"4951",0,0,0,0,0,0,0,0,1,0,1
"4958",0,0,0,0,0,0,0,1,1,0,1
"4959",0,0,0,0,0,0,0,0,4,0,0
"4960",0,0,0,0,0,2,0,0,0,0,0
"4964",0,0,0,0,0,0,0,7,0,0,5
"4968",0,0,0,0,0,0,0,5,1,0,1
"4969",0,0,0,0,0,0,0,25,7,0,35
"4978",0,0,0,0,0,0,0,0,1,0,1
"4981",0,0,0,0,0,0,0,0,0,0,2
"4986",0,0,0,0,0,1,0,1,3,0,2
"4987",23,0,1,0,0,0,0,0,14,0,15
"4992",3,0,0,0,0,0,0,0,0,0,1
"4995",0,0,0,0,0,0,0,2,0,0,0
"4997",0,0,0,0,0,1,0,0,12,0,13
"4998",7,0,0,0,0,0,0,0,0,0,2
"5005",0,0,0,0,0,3,0,0,0,0,1
"5010",0,0,0,0,0,0,0,0,2,0,0
"5012",0,0,0,0,0,0,0,0,0,0,2
"5015",0,0,0,0,0,0,0,0,4,0,9
"5025",33,0,0,0,0,0,0,1,0,0,2
"5026",25,0,0,0,0,0,0,1,1,0,5
"5032",0,0,0,0,0,0,0,0,0,0,10
"5038",0,0,0,0,0,0,0,2,0,0,0
"5040",0,0,0,0,0,0,0,0,2,0,3
"5041",0,0,0,0,0,0,0,0,2,0,3
"5048",0,0,0,0,0,0,0,1,0,0,1
"5049",0,0,0,0,0,0,0,3,0,0,2
"5053",0,0,0,0,0,0,0,0,2,0,1
"5054",0,0,0,0,0,0,0,0,0,0,2
"5061",0,0,0,0,2,0,0,0,0,0,5
"5063",0,0,0,0,0,0,18,0,1,0,9
"5064",0,0,0,7,0,0,4,0,0,0,1
"5070",0,0,0,0,0,0,0,0,0,0,2
"5071",1,0,1,0,0,0,0,0,9,0,1
"5073",0,0,0,0,0,0,0,5,0,0,4
"5075",0,0,0,0,0,0,2,0,0,0,0
"5079",1,0,0,3,0,0,2,0,0,0,9
"5082",0,0,0,0,0,0,0,30,17,0,24
"5083",0,0,0,0,0,0,0,0,2,0,0
"5084",0,0,0,0,0,0,0,3,1,0,7
"5088",0,0,0,1,0,0,0,0,0,0,4
"5089",0,0,0,0,0,0,0,1,0,0,1
"5092",0,0,0,0,0,0,0,23,3,0,20
"5094",0,0,0,0,0,0,0,0,0,2,0
"5097",0,0,0,0,0,0,0,2,5,0,2
"5098",0,0,0,0,0,0,0,5,5,0,5
"5100",14,0,0,0,0,0,0,0,0,0,0
"5103",0,0,0,0,0,0,0,0,2,0,0
"5108",0,0,0,0,0,0,0,0,7,0,1
"5109",0,0,0,0,0,0,0,3,0,0,0
"5113",0,0,0,0,0,0,0,9,3,0,26
"5114",0,0,0,0,0,0,0,4,2,0,0
"5120",2,0,0,0,0,0,0,0,0,0,0
"5121",0,0,0,0,0,0,0,0,0,0,2
"5125",0,0,0,0,0,0,2,0,0,0,0
"5130",0,0,0,0,0,0,0,8,0,0,1
"5133",0,1,0,0,0,0,0,2,0,0,0
"5136",0,0,0,15,0,0,3,0,0,0,8
"5138",0,0,0,0,0,0,0,2,42,0,0
"5139",0,0,0,0,0,0,0,0,11,0,0
"5140",0,0,0,0,0,0,0,1,0,0,3
"5143",0,0,0,0,0,0,1,0,0,0,4
"5145",0,0,0,0,0,0,0,0,13,0,0
"5146",0,0,0,0,0,1,1,0,0,0,3
"5147",0,0,0,0,0,0,0,0,5,0,0
"5149",0,0,0,0,0,0,0,0,0,0,2
"5151",24,0,0,0,0,81,1,0,0,0,2
"5152",0,0,0,0,0,0,0,3,4,0,3
"5156",0,0,0,0,0,0,0,1,10,0,6
"5157",1,0,1,1,0,10,0,0,0,0,3
"5158",0,0,0,0,0,0,0,3,0,0,2
"5160",0,0,0,0,0,6,0,0,0,0,2
"5161",0,0,0,0,0,0,0,0,1,0,2
"5165",2,0,0,0,0,0,0,0,0,0,2
"5166",0,0,0,0,0,0,0,1,2,0,3
"5170",0,0,0,0,0,0,2,0,0,0,3
"5171",0,0,0,0,0,0,0,0,5,0,0
"5172",0,0,0,0,0,0,0,2,0,0,0
"5173",0,0,0,0,0,0,0,0,0,0,9
"5174",0,0,0,0,0,0,0,0,0,0,2
"5177",0,0,0,0,0,0,0,0,2,0,1
"5179",0,0,0,0,0,0,11,0,0,0,0
"5180",0,0,0,0,0,0,0,0,0,0,2
"5192",0,0,0,0,0,0,0,3,2,0,0
"5194",0,0,0,0,0,0,2,0,0,0,1
"5195",0,0,0,0,0,0,0,4,0,0,1
"5199",19,0,1,0,0,0,0,0,0,0,0
"5202",0,0,0,1,0,0,2,0,0,0,0
"5206",0,0,0,0,0,0,0,21,6,0,1
"5210",0,0,0,1,0,0,1,41,72,0,15
"5211",0,0,0,0,0,2,0,0,0,0,1
"5213",0,0,0,0,0,0,0,3,0,0,0
"5221",0,0,0,0,0,0,0,0,3,0,0
"5225",0,0,0,0,0,3,0,0,0,0,0
"5227",0,0,0,0,0,0,0,2,0,0,0
"5228",0,0,0,0,0,0,0,6,0,0,0
"5229",0,0,0,0,0,0,0,0,0,0,2
"5234",0,0,0,0,0,0,0,12,11,0,10
"5235",0,0,0,0,0,0,0,0,2,0,0
"5237",4,0,0,7,0,6,20,0,0,0,31
"5239",0,0,0,0,0,0,0,0,0,0,3
"5240",0,0,0,0,0,0,0,0,2,0,0
"5243",0,0,0,0,0,0,0,0,1,0,1
"5244",0,0,0,0,0,0,0,5,0,0,1
"5248",2,0,0,0,0,0,0,0,0,0,0
"5252",0,0,0,0,0,0,0,0,0,0,6
"5253",0,0,0,0,0,0,0,0,1,0,31
"5254",0,0,0,0,0,0,0,2,0,0,0
"5262",0,0,0,0,0,0,0,0,0,0,2
"5264",3,0,0,3,0,1,3,0,0,0,4
"5265",0,0,0,0,0,6,0,0,0,0,0
"5266",0,0,0,0,0,0,0,0,7,0,1
"5267",0,0,0,0,0,0,0,1,3,0,4
"5268",0,0,0,0,0,0,0,1,0,0,1
"5274",14,0,0,0,0,5,0,0,0,0,2
"5280",2,0,0,0,0,0,0,0,0,0,0
"5282",29,0,0,0,0,1,0,1,0,0,1
"5284",0,0,0,0,0,1,3,0,0,0,1
"5287",0,0,0,0,0,0,0,0,0,0,2
"5289",20,0,0,0,0,0,0,0,0,0,0
"5296",36,0,0,0,0,0,0,0,0,0,0
"5297",0,0,0,0,0,0,0,1,0,0,0
"5298",0,0,0,0,0,0,0,0,2,0,1
"5299",0,0,0,0,0,0,0,1,0,0,2
"5300",0,0,0,0,0,1,0,0,0,0,1
"5303",10,0,0,0,0,34,0,0,0,0,28
"5305",0,0,0,0,0,0,0,0,0,0,2
"5306",12,0,0,1,0,0,6,0,0,0,9
"5309",0,0,0,0,0,0,0,0,5,0,0
"5310",0,0,0,0,0,0,0,0,16,0,5
"5311",0,0,0,0,0,1,2,0,0,0,3
"5313",0,0,0,0,0,0,1,0,0,0,1
"5314",2,0,0,0,0,0,0,0,18,0,9
"5315",0,0,0,0,0,0,0,0,0,0,3
"5316",0,0,0,0,0,0,0,2,0,0,1
"5318",0,0,0,0,0,0,0,0,0,0,2
"5319",2,0,0,0,0,0,0,0,0,0,0
"5325",0,0,0,0,0,0,0,0,0,0,2
"5331",0,0,0,0,0,0,0,0,6,0,0
"5336",0,0,0,0,0,0,0,6,7,0,5
"5339",3,0,1,0,0,0,0,0,0,0,2
"5341",0,0,0,0,0,0,0,0,3,0,4
"5343",0,0,1,0,0,0,0,0,3,0,0
"5345",2,0,0,0,0,0,0,0,0,0,0
"5347",0,0,0,0,0,0,0,0,3,0,0
"5349",4,0,0,0,0,0,0,0,0,0,0
"5350",0,0,0,0,0,0,0,0,10,0,0
"5357",2,0,0,0,0,0,0,0,0,0,3
"5362",0,0,0,0,0,2,0,0,0,0,0
"5363",0,0,0,0,0,0,0,0,0,0,5
"5364",0,0,0,0,0,0,0,1,0,0,1
"5366",0,0,0,0,0,0,0,0,3,0,0
"5368",0,0,0,0,0,0,0,0,2,0,1
"5371",0,0,0,0,0,0,0,2,0,0,0
"5373",0,0,0,0,1,0,0,0,0,0,6
"5376",0,0,0,4,0,0,21,0,0,0,21
"5377",0,0,0,0,0,0,0,2,0,0,2
"5378",0,0,0,0,0,0,0,2,0,0,0
"5380",0,0,0,0,0,0,2,0,0,0,1
"5390",0,0,0,0,0,0,0,0,1,0,1
"5391",0,0,0,0,0,0,0,0,1,0,1
"5399",2,0,0,1,0,0,0,0,0,0,0
"5405",0,0,0,0,0,0,0,19,7,0,32
"5407",0,0,0,0,0,0,0,0,0,0,2
"5408",0,0,0,0,0,0,0,0,1,0,1
"5412",0,0,0,0,0,0,4,0,0,0,1
"5417",0,0,0,0,0,0,0,0,2,0,0
"5420",0,0,0,0,0,0,0,0,5,0,1
"5422",3,0,0,0,0,0,0,0,0,0,0
"5423",0,3,0,0,0,1,0,0,0,0,0
"5425",1,0,0,0,0,5,0,0,0,0,2
"5429",0,0,0,0,0,0,0,0,0,0,3
"5430",3,0,0,0,0,0,0,0,0,0,0
"5432",0,0,0,0,0,0,0,0,0,0,2
"5433",0,0,0,0,0,0,0,0,1,0,1
"5434",0,4,0,0,0,0,0,2,0,0,10
"5437",0,0,0,0,0,0,0,0,4,0,2
"5439",0,0,0,0,0,0,0,0,2,0,1
"5441",0,0,0,0,0,0,0,0,3,0,1
"5443",0,0,0,0,0,0,0,0,0,2,2
"5444",2,0,0,0,0,0,0,0,0,0,0
"5445",0,0,0,0,0,0,0,8,0,0,3
"5446",3,0,0,0,0,0,0,0,0,0,1
"5447",0,0,0,0,0,0,0,4,12,0,0
"5450",0,0,0,0,0,0,0,0,0,0,3
"5453",0,0,0,0,0,0,0,0,0,0,2
"5454",6,0,0,0,0,0,0,0,0,0,0
"5462",9,0,0,0,0,0,0,1,0,0,3
"5464",0,0,0,0,0,0,0,3,0,0,0
"5469",0,0,0,0,0,0,0,0,2,0,0
"5470",0,0,0,0,0,0,0,0,0,0,3
"5477",6,0,0,1,0,0,0,0,0,0,1
"5480",0,0,0,0,0,0,0,0,3,0,1
"5481",0,1,0,0,0,0,0,15,6,0,10
"5485",0,0,0,0,0,0,0,3,0,0,0
"5488",0,0,0,0,0,21,0,0,0,0,0
"5493",0,0,0,0,0,0,0,0,15,0,13
"5495",0,0,0,0,0,0,5,0,0,0,0
"5498",0,0,0,0,0,0,0,2,0,0,0
"5500",0,0,0,0,0,0,0,6,0,0,0
"5504",0,0,0,0,0,0,0,0,2,0,10
"5505",0,0,0,0,0,0,0,0,1,0,1
"5510",0,0,0,0,0,0,0,0,2,0,0
"5511",4,0,0,0,0,0,0,0,0,0,2
"5512",0,0,0,0,0,0,0,0,2,0,0
"5514",24,0,0,0,0,0,0,0,0,0,1
"5516",0,0,0,0,0,0,0,0,11,0,0
"5518",0,0,0,0,0,0,0,2,0,0,0
"5521",0,0,0,0,0,0,0,0,0,0,2
"5523",0,0,0,0,0,0,0,1,0,0,2
"5530",0,0,0,0,0,0,0,0,13,0,0
"5531",0,0,0,0,0,0,0,2,0,0,0
"5533",0,0,0,0,0,0,0,0,0,0,2
"5542",0,0,0,0,0,0,0,0,2,0,0
"5544",0,0,0,0,0,0,0,11,0,0,5
"5548",0,0,0,0,0,0,0,0,7,0,2
"5550",0,0,0,0,0,0,0,0,2,0,0
"5551",0,0,0,1,0,2,0,0,0,0,1
"5554",0,0,0,0,0,0,0,0,19,0,1
"5555",0,0,0,0,0,0,0,0,3,0,1
"5559",0,0,0,0,0,2,0,0,0,0,0
"5565",0,0,0,0,0,0,0,0,0,0,2
"5571",0,0,0,0,0,0,0,0,2,0,0
"5572",0,0,0,0,0,0,0,7,0,0,0
"5573",0,0,0,0,0,0,0,0,1,0,1
"5574",0,0,0,0,0,0,0,17,0,0,0
"5575",0,0,0,0,0,0,0,0,0,0,6
"5576",0,0,0,0,0,0,0,1,1,0,1
"5577",0,0,1,0,0,0,0,0,0,0,1
"5579",0,0,0,0,0,0,1,0,0,0,33
"5582",0,0,0,0,0,0,0,0,2,0,0
"5583",0,0,0,0,0,0,1,0,0,0,1
"5584",0,0,0,0,0,0,0,11,10,0,0
"5586",0,0,0,0,0,0,0,0,8,0,0
"5591",0,0,0,0,0,0,0,0,2,0,0
"5592",0,0,0,0,0,0,0,0,35,0,4
"5593",1,0,0,0,0,0,0,0,1,0,0
"5597",0,0,0,0,0,1,0,1,11,0,1
"5599",0,0,0,0,0,0,0,0,1,0,6
"5602",0,0,0,0,0,0,0,4,0,0,10
"5604",0,0,0,0,0,0,0,0,5,0,0
"5605",0,0,0,0,0,0,0,13,0,0,0
"5607",0,0,0,0,0,0,0,0,10,0,5
"5610",29,0,1,0,0,0,1,0,20,0,6
"5611",0,0,0,0,0,0,0,0,0,0,2
"5616",0,0,0,0,0,0,0,0,0,0,2
"5618",3,0,4,0,0,0,0,0,3,0,7
"5621",0,0,0,0,0,0,0,0,2,0,0
"5622",0,0,0,0,0,0,0,5,0,0,1
"5624",0,0,0,0,0,0,11,0,0,0,6
"5625",0,0,0,0,0,0,0,9,0,0,4
"5629",0,0,0,0,0,0,0,0,0,0,2
"5632",0,0,0,0,0,1,1,0,0,0,0
"5633",0,0,0,0,0,0,0,0,3,0,0
"5634",0,0,0,0,0,0,0,0,3,0,2
"5638",0,0,0,0,0,0,0,1,0,0,0
"5639",0,0,0,0,0,0,0,2,4,0,1
"5643",0,0,0,0,0,0,0,3,3,0,1
"5644",0,0,0,0,0,0,0,9,3,0,8
"5648",0,0,0,0,4,0,0,0,0,0,0
"5649",0,0,0,0,0,0,0,19,0,0,2
"5650",0,0,0,0,0,0,0,0,2,0,5
"5651",0,0,0,0,0,0,0,0,20,0,0
"5654",2,0,0,0,0,0,0,0,0,0,1
"5655",0,0,0,0,0,0,0,0,2,0,1
"5656",0,0,0,0,0,0,0,0,6,0,0
"5657",0,0,0,0,0,0,0,2,0,0,0
"5659",0,0,0,0,0,0,5,0,0,0,1
"5661",0,0,0,0,0,0,0,0,0,0,2
"5664",40,0,0,0,0,0,0,1,0,0,1
"5670",0,0,0,0,0,0,0,2,10,0,14
"5673",0,0,0,0,0,0,0,0,5,0,9
"5675",11,0,0,0,0,0,0,0,0,0,2
"5678",4,0,0,0,0,0,0,0,0,0,0
"5679",0,0,0,0,0,0,12,0,0,0,2
"5682",0,0,0,0,0,0,0,2,0,0,0
"5684",0,0,0,0,0,0,1,0,0,0,2
"5693",0,0,0,0,0,0,0,2,0,0,0
"5696",0,0,0,0,0,0,0,0,3,0,0
"5697",1,0,0,0,0,3,0,0,0,0,1
"5699",0,0,0,1,0,0,0,0,0,0,1
"5704",0,0,0,0,0,0,27,0,0,0,10
"5707",0,0,0,0,0,0,0,0,0,0,2
"5710",4,0,3,0,0,0,1,0,5,0,12
"5712",0,0,0,0,0,0,0,0,0,0,3
"5715",126,1,0,0,0,0,0,0,0,0,13
"5716",17,0,0,0,0,0,0,0,0,0,0
"5718",0,0,0,1,0,30,0,0,0,0,9
"5719",0,0,0,0,0,0,0,17,0,0,1
"5722",0,1,0,0,0,0,0,9,0,0,9
"5725",0,0,0,0,0,0,3,0,0,0,4
"5726",0,0,1,0,0,0,0,2,29,0,36
"5729",4,0,0,0,0,0,0,0,0,0,1
"5730",0,0,0,0,0,0,0,0,0,0,2
"5734",0,0,0,0,0,0,0,0,6,0,0
"5736",0,0,0,1,0,1,1,0,0,0,1
"5737",0,0,0,0,0,0,0,0,7,0,8
"5738",0,0,0,0,0,0,0,0,2,0,1
"5740",0,0,0,0,0,0,1,0,2,0,32
"5745",0,0,0,0,0,0,0,0,6,0,3
"5746",17,0,0,0,0,0,0,0,0,0,1
"5748",0,0,0,0,0,0,0,0,0,0,2
"5752",0,0,0,0,0,0,0,1,0,0,1
"5754",0,0,0,0,0,0,2,0,0,0,0
"5755",0,0,0,0,0,0,0,2,0,0,0
"5758",0,0,0,0,0,0,0,2,0,0,0
"5759",0,0,0,0,0,0,0,0,13,0,0
"5761",0,0,0,1,0,0,9,0,0,0,1
"5764",0,0,0,0,0,0,0,0,0,0,2
"5769",50,0,0,0,0,0,0,0,0,0,23
"5773",1,0,4,0,0,0,0,0,0,0,1
"5774",0,0,0,0,0,0,0,0,5,0,1
"5775",0,0,0,0,0,4,0,0,0,0,0
"5777",0,0,0,0,0,0,0,0,54,0,0
"5784",0,0,0,0,0,0,0,1,0,0,4
"5785",0,0,0,0,0,0,0,0,2,0,0
"5788",0,0,0,5,0,0,0,0,0,0,2
"5790",0,0,0,0,0,0,0,6,17,0,69
"5792",20,0,0,0,0,0,0,3,6,0,14
"5793",0,0,0,2,0,0,0,0,0,0,1
"5794",0,0,0,0,0,0,3,0,0,0,17
"5796",0,0,0,0,0,0,9,0,0,0,8
"5797",13,0,0,0,0,0,0,0,0,0,0
"5799",0,0,0,0,0,0,0,1,0,0,2
"5802",0,0,0,0,0,0,0,2,2,0,5
"5804",0,0,0,0,0,0,0,0,7,0,8
"5806",0,0,0,0,0,0,0,0,6,0,2
"5808",2,0,0,0,0,0,0,1,2,0,34
"5811",0,0,0,0,0,0,0,0,0,0,2
"5812",0,0,0,0,0,3,0,0,0,0,0
"5813",0,0,0,0,0,0,0,3,0,0,0
"5814",0,0,0,0,0,0,0,0,0,0,2
"5819",0,0,0,0,0,0,0,0,1,0,4
"5821",0,0,0,0,0,2,0,0,0,0,1
"5823",0,0,0,0,0,0,0,1,0,0,1
"5827",0,0,0,0,0,0,0,3,0,0,0
"5833",0,0,0,0,0,0,1,0,5,0,1
"5839",4,0,0,0,0,0,0,0,0,0,0
"5843",0,0,0,0,0,0,15,0,0,0,27
"5845",0,0,0,0,0,0,0,1,1,0,0
"5846",0,0,0,0,0,0,16,0,0,0,8
"5852",0,0,0,0,0,0,2,0,0,0,0
"5853",0,0,0,0,0,0,0,3,0,0,0
"5859",0,0,0,0,0,0,0,4,0,0,3
"5861",1,0,0,0,0,0,0,0,0,0,1
"5862",0,0,0,0,0,1,1,0,0,0,0
"5863",0,0,0,0,0,0,0,1,0,0,0
